WB_id,consensus_module,consensus_strength,chemical,logFC,FDR,is_detected,direction
WBGene00009049,4,0.9666666666666667,GenX,-0.675901246,7.61845498194038e-07,True,down
WBGene00011042,4,0.9,GenX,1.310282369,0.000109216,True,up
WBGene00011894,4,0.7,GenX,0.96780108,0.000438832,True,up
WBGene00013672,4,0.9,GenX,0.480352187,0.000814474,True,up
WBGene00016234,4,1.0,GenX,1.035430031,0.001216151,True,up
WBGene00001387,4,0.7333333333333333,GenX,1.523927833,0.004146707,True,up
WBGene00011424,4,1.0,GenX,1.006701545,0.00539469,True,up
WBGene00012013,4,1.0,GenX,0.495840635,0.022066939,True,up
WBGene00003710,4,1.0,GenX,0.342605911,0.033800192,True,up
WBGene00007055,4,1.0,GenX,0.316483312,0.033800192,True,up
WBGene00010262,4,1.0,GenX,0.360028997,0.035510998,True,up
WBGene00019818,4,1.0,GenX,1.015570208,0.044449752,True,up
WBGene00021048,4,1.0,GenX,0.444047683,0.062708766,False,up
WBGene00012216,4,0.6666666666666666,GenX,-0.524014868,0.067056911,False,down
WBGene00008572,4,1.0,GenX,-0.301977315,0.072666722,False,down
WBGene00019232,4,0.9666666666666667,GenX,0.47666687,0.091084934,False,up
WBGene00016101,4,1.0,GenX,0.46497445,0.105173527,False,up
WBGene00011517,4,1.0,GenX,-0.610796265,0.109476548,False,down
WBGene00004382,4,1.0,GenX,0.211813063,0.113979327,False,up
WBGene00015369,4,1.0,GenX,-0.743540433,0.113979327,False,down
WBGene00020148,4,1.0,GenX,0.571941402,0.114641652,False,up
WBGene00012866,4,0.9,GenX,-0.73118896,0.126801808,False,down
WBGene00003744,4,1.0,GenX,0.221507319,0.127167979,False,up
WBGene00007372,4,1.0,GenX,0.436820811,0.145831898,False,up
WBGene00014096,4,1.0,GenX,0.138376396,0.149745122,False,up
WBGene00012928,4,1.0,GenX,0.19254772,0.163452866,False,up
WBGene00016677,4,1.0,GenX,0.373637683,0.169611989,False,up
WBGene00011698,4,0.9333333333333333,GenX,-0.945006045,0.173221083,False,down
WBGene00008628,4,1.0,GenX,0.311943223,0.173491455,False,up
WBGene00000901,4,1.0,GenX,0.133500529,0.17584925,False,up
WBGene00007058,4,0.9333333333333333,GenX,0.191786135,0.198461532,False,up
WBGene00020153,4,1.0,GenX,0.507074964,0.199637062,False,up
WBGene00006607,4,1.0,GenX,0.171982079,0.199637062,False,up
WBGene00011520,4,1.0,GenX,0.412374498,0.200291651,False,up
WBGene00017621,4,1.0,GenX,0.353556837,0.20697078,False,up
WBGene00001456,4,1.0,GenX,0.205445805,0.20697078,False,up
WBGene00011586,4,1.0,GenX,0.336549971,0.213405169,False,up
WBGene00019854,4,0.9666666666666667,GenX,0.677855557,0.217203856,False,up
WBGene00020593,4,1.0,GenX,0.311683011,0.217933276,False,up
WBGene00014233,4,1.0,GenX,0.323327466,0.234646206,False,up
WBGene00020947,4,1.0,GenX,0.449905814,0.236153427,False,up
WBGene00000016,4,1.0,GenX,-0.270237159,0.239390709,False,down
WBGene00019742,4,0.9,GenX,0.317672513,0.242671628,False,up
WBGene00003965,4,1.0,GenX,0.202749076,0.243185546,False,up
WBGene00012886,4,1.0,GenX,-0.97997335,0.252961196,False,down
WBGene00001446,4,1.0,GenX,0.388384872,0.257333013,False,up
WBGene00017811,4,1.0,GenX,0.212268348,0.258013739,False,up
WBGene00015393,4,0.9333333333333333,GenX,-0.26990446,0.259516186,False,down
WBGene00011018,4,1.0,GenX,0.1908275,0.262095538,False,up
WBGene00010872,4,1.0,GenX,0.220851275,0.269430112,False,up
WBGene00015048,4,1.0,GenX,0.285143041,0.269565127,False,up
WBGene00044761,4,1.0,GenX,0.407777021,0.275039223,False,up
WBGene00022441,4,1.0,GenX,0.356020216,0.276048589,False,up
WBGene00016310,4,1.0,GenX,0.418606459,0.280484955,False,up
WBGene00001496,4,1.0,GenX,0.294605131,0.293267415,False,up
WBGene00015470,4,1.0,GenX,0.117255756,0.295481486,False,up
WBGene00020784,4,1.0,GenX,0.260714507,0.296038001,False,up
WBGene00005832,4,0.9666666666666667,GenX,0.213684933,0.301842955,False,up
WBGene00010697,4,1.0,GenX,0.252738897,0.306478444,False,up
WBGene00012148,4,1.0,GenX,0.293942377,0.310948769,False,up
WBGene00021312,4,1.0,GenX,0.157843021,0.315616092,False,up
WBGene00021482,4,1.0,GenX,0.21232322,0.320800563,False,up
WBGene00007467,4,1.0,GenX,0.549048036,0.323683607,False,up
WBGene00003607,4,1.0,GenX,0.243853436,0.335458515,False,up
WBGene00016894,4,1.0,GenX,0.417547483,0.350178041,False,up
WBGene00015410,4,1.0,GenX,0.235232917,0.350178041,False,up
WBGene00016099,4,0.9666666666666667,GenX,0.528604799,0.364612902,False,up
WBGene00022797,4,1.0,GenX,0.307598879,0.365400963,False,up
WBGene00003528,4,1.0,GenX,0.646211542,0.371250373,False,up
WBGene00011752,4,1.0,GenX,0.482094788,0.372763201,False,up
WBGene00018274,4,1.0,GenX,0.313500637,0.374983573,False,up
WBGene00003561,4,1.0,GenX,0.235436719,0.379418796,False,up
WBGene00005657,4,0.9666666666666667,GenX,0.740567928,0.379419868,False,up
WBGene00019747,4,1.0,GenX,0.148684191,0.38007841,False,up
WBGene00017291,4,1.0,GenX,0.279243181,0.380205338,False,up
WBGene00015219,4,1.0,GenX,0.154398857,0.386270277,False,up
WBGene00019875,4,1.0,GenX,-0.132608078,0.393395902,False,down
WBGene00003750,4,1.0,GenX,0.289965086,0.397565347,False,up
WBGene00008780,4,1.0,GenX,0.231878863,0.397995933,False,up
WBGene00015040,4,0.6,GenX,0.777860497,0.40319599,False,up
WBGene00044280,4,1.0,GenX,-0.418872819,0.40319599,False,down
WBGene00016738,4,1.0,GenX,0.286430672,0.409895484,False,up
WBGene00009243,4,0.5333333333333333,GenX,0.214297901,0.430368874,False,up
WBGene00194641,4,1.0,GenX,0.389532157,0.436651982,False,up
WBGene00008743,4,1.0,GenX,0.467735336,0.441905067,False,up
WBGene00007900,4,1.0,GenX,0.258472654,0.458827623,False,up
WBGene00019918,4,0.7,GenX,0.363253961,0.47080406,False,up
WBGene00003725,4,1.0,GenX,0.293915688,0.47080406,False,up
WBGene00016456,4,1.0,GenX,0.167707554,0.470882317,False,up
WBGene00016302,4,0.9,GenX,0.994105418,0.477324665,False,up
WBGene00017127,4,1.0,GenX,0.307198479,0.487335222,False,up
WBGene00010977,4,0.6333333333333333,GenX,0.288769226,0.487377394,False,up
WBGene00000169,4,1.0,GenX,-0.330377827,0.488751823,False,down
WBGene00022307,4,0.8,GenX,0.24039912,0.492470162,False,up
WBGene00008666,4,1.0,GenX,0.159821098,0.492470162,False,up
WBGene00008971,4,1.0,GenX,0.315582361,0.494751094,False,up
WBGene00007860,4,0.9333333333333333,GenX,-0.13766078,0.500333,False,down
WBGene00014099,4,1.0,GenX,0.491725403,0.503177331,False,up
WBGene00003599,4,1.0,GenX,0.182306343,0.503177331,False,up
WBGene00044779,4,1.0,GenX,0.996714997,0.506251463,False,up
WBGene00000788,4,1.0,GenX,0.312031195,0.506532974,False,up
WBGene00001452,4,1.0,GenX,0.15487036,0.506532974,False,up
WBGene00004008,4,1.0,GenX,0.325317148,0.512153365,False,up
WBGene00021057,4,0.9333333333333333,GenX,0.120715465,0.515081528,False,up
WBGene00010133,4,1.0,GenX,-0.51921193,0.518065356,False,down
WBGene00007923,4,0.5666666666666667,GenX,0.196676115,0.519505623,False,up
WBGene00012204,4,0.7,GenX,0.112243309,0.521813516,False,up
WBGene00015517,4,1.0,GenX,0.203088257,0.522219177,False,up
WBGene00017133,4,1.0,GenX,0.374631353,0.522223115,False,up
WBGene00011292,4,1.0,GenX,0.270508293,0.524563964,False,up
WBGene00009804,4,1.0,GenX,0.171468876,0.524563964,False,up
WBGene00007553,4,0.6666666666666666,GenX,-0.205186845,0.526142901,False,down
WBGene00016109,4,0.7666666666666667,GenX,-0.665175086,0.526142901,False,down
WBGene00011052,4,0.7,GenX,-0.864349404,0.529255456,False,down
WBGene00015857,4,1.0,GenX,0.385328543,0.532124187,False,up
WBGene00015552,4,1.0,GenX,0.174145897,0.532151248,False,up
WBGene00016766,4,1.0,GenX,0.259042357,0.535106078,False,up
WBGene00020135,4,1.0,GenX,0.286442414,0.535571625,False,up
WBGene00013039,4,1.0,GenX,0.155714997,0.538725372,False,up
WBGene00003568,4,1.0,GenX,0.138402329,0.543384356,False,up
WBGene00019489,4,0.5333333333333333,GenX,0.463700488,0.546998483,False,up
WBGene00001945,4,1.0,GenX,0.116576545,0.551462334,False,up
WBGene00015204,4,0.5333333333333333,GenX,0.146090953,0.552146763,False,up
WBGene00016532,4,0.9666666666666667,GenX,0.220731994,0.553457405,False,up
WBGene00003649,4,1.0,GenX,0.321653071,0.553791028,False,up
WBGene00004176,4,1.0,GenX,-1.374431789,0.560160773,False,down
WBGene00009562,4,1.0,GenX,0.141733425,0.561503484,False,up
WBGene00004318,4,1.0,GenX,0.105687339,0.562544031,False,up
WBGene00001109,4,1.0,GenX,0.372250986,0.56607267,False,up
WBGene00019104,4,1.0,GenX,-0.941664536,0.56758104,False,down
WBGene00022439,4,1.0,GenX,1.05488602,0.571452947,False,up
WBGene00016046,4,1.0,GenX,-0.436028292,0.57216457,False,down
WBGene00016028,4,1.0,GenX,0.168789062,0.574056204,False,up
WBGene00019782,4,1.0,GenX,1.226789398,0.57515283,False,up
WBGene00012717,4,1.0,GenX,0.206684033,0.576976019,False,up
WBGene00003151,4,0.9333333333333333,GenX,-0.113914964,0.576976019,False,down
WBGene00022401,4,1.0,GenX,0.12406232,0.582259864,False,up
WBGene00011893,4,0.9333333333333333,GenX,0.217986978,0.582550747,False,up
WBGene00000666,4,1.0,GenX,0.692956344,0.582853738,False,up
WBGene00007126,4,1.0,GenX,0.234206009,0.582853738,False,up
WBGene00013921,4,0.9666666666666667,GenX,0.182193185,0.582853738,False,up
WBGene00016114,4,1.0,GenX,0.16535417,0.582853738,False,up
WBGene00015128,4,0.9333333333333333,GenX,0.137741853,0.582853738,False,up
WBGene00018953,4,1.0,GenX,0.131464425,0.582853738,False,up
WBGene00011050,4,1.0,GenX,0.077558251,0.582853738,False,up
WBGene00007931,4,1.0,GenX,0.276454796,0.583225304,False,up
WBGene00206525,4,1.0,GenX,0.355267636,0.583229792,False,up
WBGene00013895,4,0.6666666666666666,GenX,0.258173791,0.583229792,False,up
WBGene00008760,4,0.7666666666666667,GenX,0.163311577,0.583856692,False,up
WBGene00003746,4,1.0,GenX,0.162017141,0.584267763,False,up
WBGene00017970,4,1.0,GenX,0.165979056,0.584921755,False,up
WBGene00001457,4,1.0,GenX,0.145780657,0.584921755,False,up
WBGene00017850,4,0.9,GenX,-0.21436166,0.58505185,False,down
WBGene00017979,4,1.0,GenX,0.245409283,0.589081202,False,up
WBGene00000370,4,0.9666666666666667,GenX,0.155743331,0.589081202,False,up
WBGene00000503,4,1.0,GenX,-0.441670301,0.589081202,False,down
WBGene00006720,4,1.0,GenX,-0.114341522,0.589784634,False,down
WBGene00014017,4,1.0,GenX,0.154789766,0.590137774,False,up
WBGene00000898,4,1.0,GenX,0.145757676,0.590137774,False,up
WBGene00015055,4,1.0,GenX,-0.503416136,0.590137774,False,down
WBGene00019421,4,1.0,GenX,-0.525438582,0.590137774,False,down
WBGene00020152,4,1.0,GenX,0.304638003,0.590668819,False,up
WBGene00006220,4,0.6666666666666666,GenX,0.274812574,0.590668819,False,up
WBGene00008615,4,1.0,GenX,0.711899116,0.591795958,False,up
WBGene00001394,4,1.0,GenX,0.2154369,0.593903055,False,up
WBGene00008177,4,1.0,GenX,0.201495494,0.597113195,False,up
WBGene00017786,4,1.0,GenX,0.156606014,0.599170406,False,up
WBGene00044650,4,1.0,GenX,0.132749845,0.605639553,False,up
WBGene00001133,4,0.9333333333333333,GenX,0.536381607,0.607101269,False,up
WBGene00003072,4,1.0,GenX,0.121968099,0.607197059,False,up
WBGene00002100,4,1.0,GenX,0.178204465,0.61003562,False,up
WBGene00012144,4,1.0,GenX,0.357460739,0.611146463,False,up
WBGene00009439,4,1.0,GenX,0.280046512,0.611146463,False,up
WBGene00007226,4,1.0,GenX,0.156359329,0.611146463,False,up
WBGene00000092,4,0.8,GenX,0.1432399,0.611183672,False,up
WBGene00021975,4,0.9,GenX,0.246110156,0.612477385,False,up
WBGene00019113,4,1.0,GenX,0.422154313,0.616780923,False,up
WBGene00018730,4,1.0,GenX,0.597632721,0.627844207,False,up
WBGene00021382,4,0.5666666666666667,GenX,0.391145878,0.627844207,False,up
WBGene00019497,4,1.0,GenX,0.281472438,0.627844207,False,up
WBGene00008444,4,1.0,GenX,0.166975475,0.627844207,False,up
WBGene00012326,4,1.0,GenX,-0.19114177,0.627844207,False,down
WBGene00012265,4,0.9666666666666667,GenX,0.563353793,0.627889622,False,up
WBGene00009743,4,0.9333333333333333,GenX,-0.379325393,0.627889622,False,down
WBGene00022012,4,1.0,GenX,-0.568535975,0.634847179,False,down
WBGene00008412,4,1.0,GenX,0.25311182,0.635502535,False,up
WBGene00007691,4,1.0,GenX,1.064200308,0.637756594,False,up
WBGene00006441,4,0.6666666666666666,GenX,-0.154601151,0.638694909,False,down
WBGene00009383,4,1.0,GenX,0.216807265,0.639231031,False,up
WBGene00007883,4,1.0,GenX,-0.168840815,0.642781345,False,down
WBGene00013882,4,1.0,GenX,0.233333161,0.644344877,False,up
WBGene00011449,4,1.0,GenX,0.128275352,0.644542985,False,up
WBGene00016509,4,1.0,GenX,0.132752683,0.646583211,False,up
WBGene00000872,4,1.0,GenX,0.12103195,0.647062023,False,up
WBGene00009776,4,0.9,GenX,-0.155224383,0.647062023,False,down
WBGene00013899,4,1.0,GenX,0.242083899,0.648899771,False,up
WBGene00004926,4,1.0,GenX,0.134443874,0.648899771,False,up
WBGene00003209,4,1.0,GenX,0.126171786,0.648899771,False,up
WBGene00304788,4,0.9,GenX,0.615581979,0.649233359,False,up
WBGene00017160,4,1.0,GenX,0.381085392,0.650953463,False,up
WBGene00016968,4,0.9666666666666667,GenX,0.110951913,0.650953463,False,up
WBGene00006805,4,1.0,GenX,0.080723433,0.650953463,False,up
WBGene00010488,4,1.0,GenX,0.197914755,0.651019593,False,up
WBGene00010790,4,0.9666666666666667,GenX,-0.654510386,0.6517164,False,down
WBGene00006984,4,1.0,GenX,0.232971625,0.653034234,False,up
WBGene00019166,4,1.0,GenX,0.14524055,0.653034234,False,up
WBGene00011705,4,1.0,GenX,-0.181781441,0.65486558,False,down
WBGene00270319,4,1.0,GenX,0.208371774,0.659290143,False,up
WBGene00009221,4,1.0,GenX,-0.819901948,0.659692619,False,down
WBGene00007990,4,0.5666666666666667,GenX,1.088691491,0.659798675,False,up
WBGene00007945,4,0.5666666666666667,GenX,0.25065047,0.659798675,False,up
WBGene00017504,4,1.0,GenX,0.235733865,0.659897697,False,up
WBGene00016602,4,1.0,GenX,-0.100171944,0.660617209,False,down
WBGene00020714,4,1.0,GenX,0.185051031,0.660801702,False,up
WBGene00001671,4,1.0,GenX,0.358164065,0.662195836,False,up
WBGene00015286,4,1.0,GenX,0.182887796,0.662450856,False,up
WBGene00018508,4,1.0,GenX,0.145977391,0.663476543,False,up
WBGene00005602,4,1.0,GenX,0.442834825,0.664200962,False,up
WBGene00010251,4,1.0,GenX,0.151595037,0.667873224,False,up
WBGene00011397,4,1.0,GenX,-0.360475847,0.668008246,False,down
WBGene00015067,4,1.0,GenX,0.215508377,0.670293239,False,up
WBGene00017220,4,1.0,GenX,0.1649737,0.670550258,False,up
WBGene00019841,4,0.9,GenX,0.094563098,0.671208099,False,up
WBGene00020562,4,1.0,GenX,0.135238364,0.672169908,False,up
WBGene00013732,4,1.0,GenX,0.117147952,0.672169908,False,up
WBGene00001391,4,1.0,GenX,-0.483450733,0.672169908,False,down
WBGene00021956,4,1.0,GenX,0.104082647,0.673781723,False,up
WBGene00016237,4,1.0,GenX,0.203628137,0.674193576,False,up
WBGene00019995,4,0.5666666666666667,GenX,0.14680011,0.674713482,False,up
WBGene00002036,4,1.0,GenX,0.092171134,0.674713482,False,up
WBGene00011824,4,0.5333333333333333,GenX,0.167742926,0.675461511,False,up
WBGene00001464,4,1.0,GenX,0.139859947,0.675930531,False,up
WBGene00009797,4,1.0,GenX,0.11018566,0.676369956,False,up
WBGene00002981,4,1.0,GenX,0.286015202,0.676440979,False,up
WBGene00011817,4,1.0,GenX,0.360566413,0.677519258,False,up
WBGene00020886,4,1.0,GenX,0.194468218,0.678032577,False,up
WBGene00010047,4,0.8333333333333334,GenX,0.12181698,0.678933745,False,up
WBGene00010177,4,1.0,GenX,0.140211674,0.679138502,False,up
WBGene00001454,4,1.0,GenX,0.107700761,0.679170464,False,up
WBGene00001458,4,1.0,GenX,0.134087568,0.679932539,False,up
WBGene00003876,4,1.0,GenX,0.184836443,0.680012351,False,up
WBGene00022314,4,1.0,GenX,-0.318985454,0.682829853,False,down
WBGene00015633,4,1.0,GenX,0.240161787,0.683576233,False,up
WBGene00007304,4,0.5666666666666667,GenX,0.271394587,0.686717534,False,up
WBGene00003558,4,1.0,GenX,0.136402911,0.687411694,False,up
WBGene00015751,4,1.0,GenX,0.25404576,0.689127725,False,up
WBGene00018349,4,1.0,GenX,0.110966999,0.689127725,False,up
WBGene00012139,4,0.9666666666666667,GenX,-0.144350517,0.689127725,False,down
WBGene00017304,4,1.0,GenX,0.322028959,0.691740422,False,up
WBGene00019399,4,0.9666666666666667,GenX,0.085783809,0.691773091,False,up
WBGene00011540,4,1.0,GenX,-0.256649521,0.691773091,False,down
WBGene00001479,4,1.0,GenX,-0.317747909,0.693685429,False,down
WBGene00013996,4,1.0,GenX,0.408663287,0.694546777,False,up
WBGene00006591,4,1.0,GenX,0.311638558,0.694546777,False,up
WBGene00015063,4,1.0,GenX,0.18975356,0.694546777,False,up
WBGene00015805,4,1.0,GenX,0.155801134,0.694546777,False,up
WBGene00006372,4,1.0,GenX,0.155738799,0.694546777,False,up
WBGene00012443,4,1.0,GenX,0.117903225,0.694546777,False,up
WBGene00021281,4,1.0,GenX,0.091627315,0.694546777,False,up
WBGene00012194,4,0.5666666666666667,GenX,-0.131359454,0.694546777,False,down
WBGene00007886,4,1.0,GenX,0.226609598,0.695836612,False,up
WBGene00003700,4,1.0,GenX,-0.268589754,0.695836612,False,down
WBGene00003745,4,1.0,GenX,0.21842969,0.698517192,False,up
WBGene00001189,4,1.0,GenX,0.132031627,0.698517192,False,up
WBGene00021446,4,1.0,GenX,0.411573195,0.698675273,False,up
WBGene00022358,4,1.0,GenX,0.078219983,0.698935279,False,up
WBGene00194855,4,0.9333333333333333,GenX,0.280240421,0.699886106,False,up
WBGene00010072,4,1.0,GenX,0.7381427,0.700400516,False,up
WBGene00009534,4,1.0,GenX,0.186725308,0.700880132,False,up
WBGene00303423,4,1.0,GenX,0.314144104,0.70095459,False,up
WBGene00012783,4,1.0,GenX,0.382993908,0.701005033,False,up
WBGene00003751,4,1.0,GenX,0.133187968,0.701005033,False,up
WBGene00007227,4,1.0,GenX,-0.086435001,0.701473929,False,down
WBGene00009851,4,0.8,GenX,0.089933365,0.702898869,False,up
WBGene00003640,4,0.9666666666666667,GenX,0.178311037,0.7059281,False,up
WBGene00007855,4,1.0,GenX,0.212037032,0.705967125,False,up
WBGene00002084,4,1.0,GenX,0.128011809,0.705967125,False,up
WBGene00019004,4,0.6,GenX,0.112584325,0.705967125,False,up
WBGene00003582,4,1.0,GenX,0.096638804,0.705967125,False,up
WBGene00009106,4,1.0,GenX,0.156852923,0.707209309,False,up
WBGene00011171,4,0.9,GenX,0.278983829,0.709221848,False,up
WBGene00003718,4,1.0,GenX,0.200743905,0.709221848,False,up
WBGene00000233,4,1.0,GenX,0.185432999,0.709873691,False,up
WBGene00011623,4,1.0,GenX,0.74004323,0.709948056,False,up
WBGene00018204,4,1.0,GenX,0.17344979,0.711859764,False,up
WBGene00022540,4,0.9666666666666667,GenX,0.424467566,0.71492339,False,up
WBGene00009978,4,1.0,GenX,0.23452096,0.718244326,False,up
WBGene00002240,4,1.0,GenX,-0.132198457,0.720485423,False,down
WBGene00010910,4,1.0,GenX,0.109554025,0.722714202,False,up
WBGene00018018,4,1.0,GenX,0.072924071,0.722808554,False,up
WBGene00006629,4,1.0,GenX,-0.25015996,0.722808554,False,down
WBGene00011270,4,1.0,GenX,-0.09000274,0.725845873,False,down
WBGene00001403,4,1.0,GenX,0.104851946,0.730415589,False,up
WBGene00018564,4,1.0,GenX,0.182095849,0.731692981,False,up
WBGene00001461,4,1.0,GenX,0.154543491,0.731692981,False,up
WBGene00001463,4,1.0,GenX,0.129746473,0.731791077,False,up
WBGene00002195,4,1.0,GenX,0.187288364,0.732283502,False,up
WBGene00001459,4,1.0,GenX,0.109564825,0.73261938,False,up
WBGene00010041,4,1.0,GenX,0.247983325,0.732735867,False,up
WBGene00006701,4,1.0,GenX,0.113479111,0.732820927,False,up
WBGene00023417,4,1.0,GenX,0.216107057,0.73353869,False,up
WBGene00017834,4,1.0,GenX,0.219493208,0.734117888,False,up
WBGene00006464,4,1.0,GenX,-0.241730975,0.734117888,False,down
WBGene00022781,4,0.5666666666666667,GenX,-0.098263909,0.734698989,False,down
WBGene00008830,4,0.9333333333333333,GenX,-0.201915568,0.734698989,False,down
WBGene00020334,4,1.0,GenX,0.09708053,0.738102989,False,up
WBGene00021610,4,1.0,GenX,0.254717204,0.739202643,False,up
WBGene00013900,4,1.0,GenX,-0.679076548,0.739258912,False,down
WBGene00013578,4,1.0,GenX,-0.179913439,0.740681235,False,down
WBGene00020577,4,1.0,GenX,-0.191566675,0.741666585,False,down
WBGene00004122,4,1.0,GenX,0.131411705,0.742238613,False,up
WBGene00016321,4,1.0,GenX,0.101018376,0.743308911,False,up
WBGene00003997,4,1.0,GenX,0.109487927,0.743700569,False,up
WBGene00016269,4,1.0,GenX,-0.199822179,0.744004241,False,down
WBGene00012424,4,1.0,GenX,0.259018415,0.744164847,False,up
WBGene00021371,4,1.0,GenX,0.224559815,0.746046323,False,up
WBGene00001449,4,1.0,GenX,0.132358995,0.746046323,False,up
WBGene00011344,4,1.0,GenX,0.138909255,0.746341634,False,up
WBGene00002192,4,0.9666666666666667,GenX,0.065529348,0.746525101,False,up
WBGene00009291,4,1.0,GenX,0.286315624,0.746821578,False,up
WBGene00003606,4,1.0,GenX,0.168315802,0.746821578,False,up
WBGene00016684,4,1.0,GenX,0.113593637,0.749074413,False,up
WBGene00011479,4,0.5333333333333333,GenX,-0.245024745,0.749074413,False,down
WBGene00019748,4,1.0,GenX,0.14706805,0.749623719,False,up
WBGene00014250,4,1.0,GenX,0.10750341,0.749623719,False,up
WBGene00008897,4,0.5666666666666667,GenX,-1.059107258,0.749623719,False,down
WBGene00001444,4,1.0,GenX,0.102800979,0.749698789,False,up
WBGene00010018,4,1.0,GenX,0.391207942,0.75168595,False,up
WBGene00017478,4,1.0,GenX,0.19689308,0.75168595,False,up
WBGene00022440,4,1.0,GenX,0.373900528,0.75217679,False,up
WBGene00007881,4,1.0,GenX,0.163196249,0.75217679,False,up
WBGene00022284,4,1.0,GenX,0.141588083,0.75217679,False,up
WBGene00021400,4,1.0,GenX,0.131250083,0.75217679,False,up
WBGene00015647,4,0.5333333333333333,GenX,0.116991698,0.75217679,False,up
WBGene00017547,4,1.0,GenX,0.110411366,0.75217679,False,up
WBGene00017671,4,1.0,GenX,0.103883298,0.75226397,False,up
WBGene00014125,4,1.0,GenX,0.232347913,0.75270051,False,up
WBGene00018748,4,1.0,GenX,0.215711607,0.75270051,False,up
WBGene00010200,4,1.0,GenX,0.138383019,0.75270051,False,up
WBGene00022748,4,1.0,GenX,0.069377833,0.75270051,False,up
WBGene00007395,4,1.0,GenX,-0.154324402,0.75270051,False,down
WBGene00021965,4,0.7333333333333333,GenX,-0.313319989,0.75270051,False,down
WBGene00019326,4,0.5666666666666667,GenX,-0.090008345,0.753240912,False,down
WBGene00018732,4,1.0,GenX,0.209781503,0.753598438,False,up
WBGene00004037,4,1.0,GenX,0.151401067,0.753598438,False,up
WBGene00019427,4,1.0,GenX,0.097122847,0.753598438,False,up
WBGene00012412,4,1.0,GenX,-0.707419103,0.753598438,False,down
WBGene00000223,4,1.0,GenX,0.077595464,0.755110141,False,up
WBGene00011189,4,1.0,GenX,0.17696694,0.75596741,False,up
WBGene00000616,4,1.0,GenX,0.473745479,0.757678563,False,up
WBGene00019872,4,1.0,GenX,-0.12306142,0.757678563,False,down
WBGene00010546,4,1.0,GenX,0.093199451,0.758888754,False,up
WBGene00015076,4,1.0,GenX,-0.316241356,0.758888754,False,down
WBGene00005654,4,1.0,GenX,0.528536188,0.760787604,False,up
WBGene00022280,4,1.0,GenX,0.088690983,0.763119134,False,up
WBGene00001325,4,1.0,GenX,0.081911006,0.763119134,False,up
WBGene00020317,4,1.0,GenX,0.097713729,0.763909678,False,up
WBGene00018269,4,1.0,GenX,-0.270927464,0.767132889,False,down
WBGene00017644,4,0.9333333333333333,GenX,0.140011555,0.768940747,False,up
WBGene00001493,4,1.0,GenX,-0.083925793,0.768940747,False,down
WBGene00004923,4,1.0,GenX,0.105271835,0.76909527,False,up
WBGene00011337,4,0.9333333333333333,GenX,-0.09929639,0.769881522,False,down
WBGene00044513,4,1.0,GenX,0.208410378,0.771574565,False,up
WBGene00018150,4,1.0,GenX,0.110397471,0.771574565,False,up
WBGene00012825,4,1.0,GenX,0.217161967,0.772059897,False,up
WBGene00195176,4,0.9,GenX,-0.144306899,0.772249766,False,down
WBGene00003403,4,1.0,GenX,0.286753601,0.772361737,False,up
WBGene00002233,4,0.6333333333333333,GenX,0.113708374,0.772403878,False,up
WBGene00007063,4,1.0,GenX,0.133944986,0.774317849,False,up
WBGene00001441,4,1.0,GenX,0.120299073,0.774317849,False,up
WBGene00019536,4,0.9,GenX,0.158312324,0.775624534,False,up
WBGene00044977,4,1.0,GenX,0.305569679,0.775676704,False,up
WBGene00004237,4,1.0,GenX,-0.094904208,0.775676704,False,down
WBGene00007911,4,1.0,GenX,0.526861295,0.77813822,False,up
WBGene00015733,4,1.0,GenX,-0.240399789,0.77813822,False,down
WBGene00001487,4,0.9666666666666667,GenX,0.665215382,0.778264638,False,up
WBGene00009093,4,1.0,GenX,0.154054666,0.780422509,False,up
WBGene00020995,4,1.0,GenX,0.459824059,0.781377456,False,up
WBGene00013898,4,1.0,GenX,0.310585833,0.781377456,False,up
WBGene00008610,4,1.0,GenX,0.188461069,0.781377456,False,up
WBGene00009140,4,1.0,GenX,0.138419299,0.781377456,False,up
WBGene00001395,4,1.0,GenX,0.126441928,0.781377456,False,up
WBGene00011232,4,0.9666666666666667,GenX,0.085847393,0.781377456,False,up
WBGene00022130,4,1.0,GenX,-0.285617172,0.781377456,False,down
WBGene00007508,4,0.9333333333333333,GenX,0.582893993,0.782844042,False,up
WBGene00000286,4,1.0,GenX,0.118390324,0.783970963,False,up
WBGene00016594,4,1.0,GenX,0.179984904,0.783997318,False,up
WBGene00018803,4,1.0,GenX,0.396596525,0.784103822,False,up
WBGene00015362,4,1.0,GenX,0.190262548,0.784103822,False,up
WBGene00000509,4,1.0,GenX,0.099669821,0.784103822,False,up
WBGene00003834,4,1.0,GenX,0.079169688,0.784103822,False,up
WBGene00012031,4,0.9333333333333333,GenX,0.060157554,0.784218691,False,up
WBGene00014989,4,0.6,GenX,-0.124309684,0.784218691,False,down
WBGene00008616,4,1.0,GenX,0.31086052,0.790008247,False,up
WBGene00017303,4,1.0,GenX,-0.30596724,0.791971635,False,down
WBGene00004286,4,1.0,GenX,0.103706704,0.792617457,False,up
WBGene00019781,4,1.0,GenX,0.120802586,0.792921574,False,up
WBGene00000542,4,1.0,GenX,0.083084201,0.793000873,False,up
WBGene00011284,4,1.0,GenX,-0.168966702,0.793000873,False,down
WBGene00007206,4,0.9666666666666667,GenX,-0.254589209,0.793000873,False,down
WBGene00021909,4,1.0,GenX,0.158757828,0.796206545,False,up
WBGene00004924,4,1.0,GenX,0.094750338,0.796206545,False,up
WBGene00008531,4,0.9333333333333333,GenX,0.087326326,0.796206545,False,up
WBGene00009974,4,0.9666666666666667,GenX,-0.121125186,0.796206545,False,down
WBGene00002253,4,1.0,GenX,0.172788099,0.79653685,False,up
WBGene00017190,4,0.9333333333333333,GenX,0.108602912,0.79653685,False,up
WBGene00011935,4,1.0,GenX,0.10053774,0.79653685,False,up
WBGene00022254,4,0.6333333333333333,GenX,0.107187522,0.797149145,False,up
WBGene00010239,4,1.0,GenX,0.112860804,0.798076624,False,up
WBGene00012339,4,1.0,GenX,0.135257953,0.80049452,False,up
WBGene00019211,4,1.0,GenX,-0.067796273,0.80049452,False,down
WBGene00016111,4,1.0,GenX,0.590591869,0.801068839,False,up
WBGene00022026,4,1.0,GenX,0.131431683,0.801068839,False,up
WBGene00020854,4,1.0,GenX,0.114395133,0.8014727,False,up
WBGene00008859,4,1.0,GenX,0.158155721,0.801604854,False,up
WBGene00008515,4,1.0,GenX,0.141710144,0.803085067,False,up
WBGene00012440,4,0.9,GenX,-0.094166897,0.803085067,False,down
WBGene00022063,4,1.0,GenX,0.149399431,0.803671219,False,up
WBGene00017484,4,1.0,GenX,-0.557701513,0.803671219,False,down
WBGene00019719,4,1.0,GenX,-0.189066122,0.803797579,False,down
WBGene00009809,4,1.0,GenX,0.211567478,0.804048224,False,up
WBGene00019487,4,1.0,GenX,0.101252472,0.804048224,False,up
WBGene00006753,4,1.0,GenX,-0.051524962,0.804218558,False,down
WBGene00000692,4,1.0,GenX,0.256650063,0.804333367,False,up
WBGene00011304,4,1.0,GenX,0.126881384,0.804333367,False,up
WBGene00011953,4,1.0,GenX,0.063973917,0.804333367,False,up
WBGene00007193,4,0.9333333333333333,GenX,-0.093697785,0.804333367,False,down
WBGene00011099,4,1.0,GenX,-0.345932514,0.804333367,False,down
WBGene00022445,4,1.0,GenX,0.210225009,0.804821996,False,up
WBGene00020651,4,0.6666666666666666,GenX,0.132609894,0.804821996,False,up
WBGene00018265,4,0.9666666666666667,GenX,0.120181132,0.804821996,False,up
WBGene00017760,4,1.0,GenX,0.053320309,0.804821996,False,up
WBGene00016693,4,1.0,GenX,1.264484661,0.804842918,False,up
WBGene00021011,4,1.0,GenX,0.649418508,0.804842918,False,up
WBGene00022383,4,1.0,GenX,0.400929981,0.804842918,False,up
WBGene00005533,4,0.8,GenX,0.295679107,0.804842918,False,up
WBGene00019313,4,1.0,GenX,0.217391756,0.804842918,False,up
WBGene00014175,4,1.0,GenX,0.205438071,0.804842918,False,up
WBGene00016135,4,1.0,GenX,0.175928283,0.804842918,False,up
WBGene00011737,4,1.0,GenX,0.17237455,0.804842918,False,up
WBGene00016500,4,1.0,GenX,0.142739254,0.804842918,False,up
WBGene00010982,4,1.0,GenX,0.132789936,0.804842918,False,up
WBGene00007666,4,1.0,GenX,0.114321809,0.804842918,False,up
WBGene00010236,4,1.0,GenX,0.086013315,0.804842918,False,up
WBGene00011227,4,0.6333333333333333,GenX,-0.107980827,0.804842918,False,down
WBGene00020939,4,0.5666666666666667,GenX,-0.189936541,0.804842918,False,down
WBGene00010348,4,1.0,GenX,-0.255937805,0.805344667,False,down
WBGene00001177,4,1.0,GenX,0.05638252,0.805803657,False,up
WBGene00016634,4,1.0,GenX,0.144722654,0.805914432,False,up
WBGene00015778,4,0.9666666666666667,GenX,-0.118192143,0.806026433,False,down
WBGene00003635,4,1.0,GenX,0.082173759,0.80733431,False,up
WBGene00020510,4,0.9666666666666667,GenX,-0.102097673,0.80733431,False,down
WBGene00013382,4,1.0,GenX,0.111734365,0.80758144,False,up
WBGene00013111,4,1.0,GenX,-0.111590069,0.808207918,False,down
WBGene00007547,4,0.5666666666666667,GenX,-0.099848503,0.808498448,False,down
WBGene00045195,4,0.9,GenX,0.291509345,0.808942866,False,up
WBGene00000530,4,0.9,GenX,-0.137536542,0.808942866,False,down
WBGene00044078,4,1.0,GenX,0.12492991,0.810924906,False,up
WBGene00008389,4,1.0,GenX,0.497147835,0.812291095,False,up
WBGene00006683,4,1.0,GenX,0.091727547,0.81236156,False,up
WBGene00014213,4,1.0,GenX,-0.087799628,0.81236156,False,down
WBGene00022798,4,1.0,GenX,-0.107850196,0.81236156,False,down
WBGene00012068,4,0.6,GenX,0.293055028,0.815141721,False,up
WBGene00000899,4,1.0,GenX,0.07800654,0.815141721,False,up
WBGene00019461,4,1.0,GenX,0.695850834,0.816082711,False,up
WBGene00000754,4,1.0,GenX,0.671050042,0.819379593,False,up
WBGene00002270,4,0.9666666666666667,GenX,0.385180194,0.819379593,False,up
WBGene00086553,4,0.5333333333333333,GenX,0.334580624,0.819379593,False,up
WBGene00044658,4,1.0,GenX,0.258434801,0.819379593,False,up
WBGene00019014,4,1.0,GenX,0.237764709,0.819379593,False,up
WBGene00016368,4,1.0,GenX,0.184599636,0.819379593,False,up
WBGene00016407,4,1.0,GenX,0.148058492,0.819379593,False,up
WBGene00007219,4,1.0,GenX,0.110035918,0.819379593,False,up
WBGene00008820,4,1.0,GenX,0.108982734,0.819379593,False,up
WBGene00012005,4,1.0,GenX,0.091482488,0.819379593,False,up
WBGene00004038,4,1.0,GenX,0.083957942,0.819379593,False,up
WBGene00009262,4,1.0,GenX,0.078569577,0.819379593,False,up
WBGene00010028,4,0.9333333333333333,GenX,0.078558855,0.819379593,False,up
WBGene00012868,4,1.0,GenX,0.066202416,0.819379593,False,up
WBGene00018285,4,1.0,GenX,0.060567496,0.819379593,False,up
WBGene00008149,4,1.0,GenX,-0.061765381,0.819379593,False,down
WBGene00007592,4,0.5666666666666667,GenX,-0.103318918,0.819379593,False,down
WBGene00008777,4,0.9666666666666667,GenX,-0.133423414,0.819379593,False,down
WBGene00016883,4,1.0,GenX,0.240873132,0.819637893,False,up
WBGene00008198,4,1.0,GenX,0.12039748,0.820487948,False,up
WBGene00004317,4,1.0,GenX,0.086799439,0.820487948,False,up
WBGene00022181,4,1.0,GenX,0.457009824,0.820590158,False,up
WBGene00010848,4,1.0,GenX,0.16668584,0.820613895,False,up
WBGene00006450,4,0.9666666666666667,GenX,0.06253358,0.820613895,False,up
WBGene00019593,4,1.0,GenX,0.174337273,0.821035024,False,up
WBGene00007992,4,0.9333333333333333,GenX,0.780328953,0.821207306,False,up
WBGene00016293,4,0.6666666666666666,GenX,0.256233396,0.821207306,False,up
WBGene00009738,4,0.6,GenX,0.11640331,0.821207306,False,up
WBGene00007460,4,1.0,GenX,-0.199097513,0.822191901,False,down
WBGene00002142,4,1.0,GenX,0.316987441,0.822604621,False,up
WBGene00006594,4,0.9333333333333333,GenX,0.060215353,0.822776739,False,up
WBGene00000675,4,1.0,GenX,0.224235977,0.822900423,False,up
WBGene00008588,4,1.0,GenX,-0.165434553,0.822900423,False,down
WBGene00044697,4,0.7333333333333333,GenX,-0.298440722,0.823403249,False,down
WBGene00220259,4,1.0,GenX,-0.268893021,0.824225552,False,down
WBGene00010009,4,0.5666666666666667,GenX,0.142326143,0.825022732,False,up
WBGene00009929,4,1.0,GenX,0.142060825,0.825044196,False,up
WBGene00007469,4,0.9333333333333333,GenX,-0.405341586,0.826092903,False,down
WBGene00001455,4,0.7666666666666667,GenX,0.093553021,0.82678758,False,up
WBGene00006786,4,1.0,GenX,0.061240298,0.82678758,False,up
WBGene00018511,4,1.0,GenX,-0.125166676,0.828595529,False,down
WBGene00005000,4,1.0,GenX,-0.131281552,0.829777294,False,down
WBGene00020706,4,1.0,GenX,0.095594013,0.830211517,False,up
WBGene00003163,4,1.0,GenX,0.151279789,0.830618433,False,up
WBGene00015889,4,0.8333333333333334,GenX,-0.42684865,0.830670645,False,down
WBGene00001852,4,1.0,GenX,0.412235302,0.830847718,False,up
WBGene00009380,4,1.0,GenX,0.135375959,0.831481938,False,up
WBGene00011966,4,1.0,GenX,0.181197408,0.831645416,False,up
WBGene00013905,4,0.9666666666666667,GenX,-0.679652193,0.831645416,False,down
WBGene00044311,4,0.9666666666666667,GenX,0.170494418,0.83174328,False,up
WBGene00010264,4,0.9333333333333333,GenX,-0.097507874,0.83174328,False,down
WBGene00012027,4,0.9333333333333333,GenX,0.280087722,0.832264177,False,up
WBGene00000277,4,1.0,GenX,0.081561508,0.833726087,False,up
WBGene00001460,4,1.0,GenX,0.093496882,0.834173203,False,up
WBGene00007555,4,1.0,GenX,0.084817927,0.834187031,False,up
WBGene00000723,4,1.0,GenX,0.330433193,0.83435718,False,up
WBGene00007722,4,1.0,GenX,-0.192816205,0.834661585,False,down
WBGene00009532,4,1.0,GenX,0.241646684,0.83500655,False,up
WBGene00007748,4,1.0,GenX,0.215685724,0.837141979,False,up
WBGene00044471,4,0.6666666666666666,GenX,-0.90346623,0.8376968,False,down
WBGene00000681,4,1.0,GenX,0.423979498,0.839673097,False,up
WBGene00018351,4,1.0,GenX,0.187004604,0.839673097,False,up
WBGene00008229,4,1.0,GenX,0.098921894,0.841921934,False,up
WBGene00010610,4,1.0,GenX,0.147773449,0.842017508,False,up
WBGene00008603,4,1.0,GenX,0.08752357,0.842017508,False,up
WBGene00001448,4,1.0,GenX,0.07342028,0.842017508,False,up
WBGene00007958,4,1.0,GenX,0.264535739,0.842387434,False,up
WBGene00016958,4,1.0,GenX,0.211799985,0.842832827,False,up
WBGene00002024,4,1.0,GenX,0.125302049,0.842967251,False,up
WBGene00017045,4,1.0,GenX,0.11874297,0.843295237,False,up
WBGene00010244,4,1.0,GenX,0.100323008,0.843295237,False,up
WBGene00001623,4,0.9666666666666667,GenX,-0.311716814,0.844261149,False,down
WBGene00000611,4,0.9666666666666667,GenX,0.194448288,0.844625397,False,up
WBGene00019263,4,1.0,GenX,-0.109381425,0.844625397,False,down
WBGene00017785,4,1.0,GenX,0.102085099,0.845286178,False,up
WBGene00017968,4,0.9333333333333333,GenX,-0.114049017,0.845693438,False,down
WBGene00011261,4,1.0,GenX,0.110543779,0.846275696,False,up
WBGene00000403,4,1.0,GenX,0.078927633,0.846305317,False,up
WBGene00013499,4,1.0,GenX,0.165330622,0.84641897,False,up
WBGene00011726,4,1.0,GenX,0.176382879,0.846855963,False,up
WBGene00044433,4,1.0,GenX,0.175255557,0.846855963,False,up
WBGene00021597,4,1.0,GenX,0.123021461,0.846855963,False,up
WBGene00003693,4,1.0,GenX,-0.12474093,0.847151702,False,down
WBGene00013560,4,1.0,GenX,0.113327962,0.848299549,False,up
WBGene00010039,4,1.0,GenX,0.18287591,0.848356398,False,up
WBGene00004921,4,1.0,GenX,0.061724169,0.848525434,False,up
WBGene00004234,4,1.0,GenX,0.221265487,0.848636816,False,up
WBGene00003740,4,1.0,GenX,0.164261827,0.848975682,False,up
WBGene00044182,4,0.5666666666666667,GenX,0.52386218,0.849396958,False,up
WBGene00018318,4,1.0,GenX,0.144948662,0.849396958,False,up
WBGene00018729,4,1.0,GenX,0.159655275,0.849635779,False,up
WBGene00022144,4,1.0,GenX,0.074002317,0.850322935,False,up
WBGene00021369,4,1.0,GenX,0.093538867,0.850600447,False,up
WBGene00019636,4,1.0,GenX,0.232686888,0.851307951,False,up
WBGene00022306,4,1.0,GenX,0.056247494,0.851687849,False,up
WBGene00013897,4,0.5333333333333333,GenX,0.264852209,0.852917718,False,up
WBGene00002980,4,1.0,GenX,0.126039975,0.853320852,False,up
WBGene00019844,4,0.7,GenX,-0.106600665,0.853320852,False,down
WBGene00017342,4,1.0,GenX,0.09683795,0.853621777,False,up
WBGene00021089,4,1.0,GenX,-0.159480287,0.853621777,False,down
WBGene00022039,4,1.0,GenX,-0.315622328,0.854550629,False,down
WBGene00012824,4,0.9333333333333333,GenX,0.154613705,0.854727068,False,up
WBGene00020014,4,1.0,GenX,0.429194849,0.856637301,False,up
WBGene00022392,4,0.9,GenX,0.305872488,0.856637301,False,up
WBGene00007232,4,1.0,GenX,0.214286157,0.856637301,False,up
WBGene00016513,4,1.0,GenX,0.206970318,0.856637301,False,up
WBGene00020806,4,1.0,GenX,0.123780919,0.856637301,False,up
WBGene00003167,4,1.0,GenX,0.116236424,0.856637301,False,up
WBGene00002048,4,1.0,GenX,0.110325182,0.856637301,False,up
WBGene00022749,4,0.5666666666666667,GenX,-0.074576209,0.856637301,False,down
WBGene00008021,4,0.9666666666666667,GenX,-0.127546482,0.856637301,False,down
WBGene00000033,4,0.9333333333333333,GenX,-0.622815156,0.856637301,False,down
WBGene00009955,4,1.0,GenX,0.249281721,0.857860608,False,up
WBGene00017961,4,0.9,GenX,0.115376162,0.857860608,False,up
WBGene00008225,4,1.0,GenX,0.0893657,0.857860608,False,up
WBGene00015508,4,0.7666666666666667,GenX,0.080603846,0.857860608,False,up
WBGene00007091,4,1.0,GenX,0.061534942,0.857860608,False,up
WBGene00007957,4,0.9333333333333333,GenX,-0.208260935,0.857860608,False,down
WBGene00010865,4,0.9,GenX,0.151624253,0.860190187,False,up
WBGene00023408,4,1.0,GenX,0.106736565,0.860190187,False,up
WBGene00000103,4,1.0,GenX,0.061406012,0.860190187,False,up
WBGene00017639,4,1.0,GenX,-0.111266263,0.860204278,False,down
WBGene00003476,4,1.0,GenX,0.083268342,0.861420669,False,up
WBGene00011286,4,1.0,GenX,-0.295263131,0.861420669,False,down
WBGene00007480,4,0.6666666666666666,GenX,-0.111056135,0.861940913,False,down
WBGene00008779,4,1.0,GenX,0.217861187,0.863697341,False,up
WBGene00012360,4,1.0,GenX,0.106312574,0.863947829,False,up
WBGene00014013,4,1.0,GenX,0.071494606,0.863947829,False,up
WBGene00002889,4,0.6333333333333333,GenX,0.061149288,0.863947829,False,up
WBGene00012466,4,1.0,GenX,-0.12062054,0.865170348,False,down
WBGene00010990,4,0.5666666666666667,GenX,-0.051407427,0.867262586,False,down
WBGene00011279,4,1.0,GenX,-0.077595809,0.867262586,False,down
WBGene00017609,4,1.0,GenX,-0.244473155,0.867991273,False,down
WBGene00000978,4,1.0,GenX,0.129209888,0.86819932,False,up
WBGene00009374,4,1.0,GenX,-0.135129027,0.86837272,False,down
WBGene00011639,4,1.0,GenX,0.074248439,0.868679462,False,up
WBGene00018706,4,0.9666666666666667,GenX,-0.352537005,0.869683344,False,down
WBGene00270322,4,1.0,GenX,-0.122627058,0.870047868,False,down
WBGene00010188,4,0.6333333333333333,GenX,0.122505604,0.870538494,False,up
WBGene00007621,4,1.0,GenX,0.073034196,0.870538494,False,up
WBGene00008513,4,1.0,GenX,0.128344571,0.870593242,False,up
WBGene00006578,4,1.0,GenX,0.096307779,0.870593242,False,up
WBGene00000993,4,1.0,GenX,0.088302971,0.870593242,False,up
WBGene00018145,4,1.0,GenX,0.084827716,0.870593242,False,up
WBGene00003756,4,1.0,GenX,0.075680573,0.870593242,False,up
WBGene00014226,4,0.5666666666666667,GenX,-0.105478024,0.870593242,False,down
WBGene00022487,4,1.0,GenX,-0.379958828,0.870593242,False,down
WBGene00011060,4,1.0,GenX,0.149837278,0.870710262,False,up
WBGene00003680,4,1.0,GenX,0.148145714,0.870710262,False,up
WBGene00017813,4,1.0,GenX,0.112399448,0.870710262,False,up
WBGene00004208,4,1.0,GenX,0.049253917,0.870710262,False,up
WBGene00009068,4,1.0,GenX,0.13208184,0.870725429,False,up
WBGene00015294,4,1.0,GenX,0.117415822,0.870745102,False,up
WBGene00044508,4,1.0,GenX,-0.089124871,0.870745102,False,down
WBGene00012643,4,0.6,GenX,-0.065534703,0.872355419,False,down
WBGene00010655,4,0.9666666666666667,GenX,-0.280145562,0.87351752,False,down
WBGene00018750,4,1.0,GenX,0.229834839,0.874347987,False,up
WBGene00010945,4,1.0,GenX,0.178491589,0.874347987,False,up
WBGene00018758,4,1.0,GenX,0.087286265,0.874347987,False,up
WBGene00004740,4,1.0,GenX,0.064023383,0.874347987,False,up
WBGene00019298,4,1.0,GenX,-0.088987093,0.874347987,False,down
WBGene00219283,4,1.0,GenX,-0.714621043,0.874347987,False,down
WBGene00019780,4,1.0,GenX,0.20194499,0.874991568,False,up
WBGene00015935,4,0.9666666666666667,GenX,-0.094549231,0.875274943,False,down
WBGene00001172,4,1.0,GenX,0.075881678,0.875546446,False,up
WBGene00018281,4,0.5333333333333333,GenX,-0.096167223,0.875988839,False,down
WBGene00000820,4,1.0,GenX,0.202738388,0.87709017,False,up
WBGene00021036,4,1.0,GenX,-0.051291971,0.87709017,False,down
WBGene00017726,4,0.9333333333333333,GenX,0.191466966,0.87744303,False,up
WBGene00015501,4,1.0,GenX,0.05376939,0.87744303,False,up
WBGene00019353,4,1.0,GenX,-0.059174343,0.87744303,False,down
WBGene00011259,4,1.0,GenX,0.051990554,0.877508066,False,up
WBGene00017464,4,1.0,GenX,0.119132108,0.878325385,False,up
WBGene00000545,4,1.0,GenX,0.091436834,0.878325385,False,up
WBGene00013711,4,1.0,GenX,0.067601673,0.878325385,False,up
WBGene00006321,4,0.9666666666666667,GenX,-0.064677221,0.878325385,False,down
WBGene00021156,4,1.0,GenX,-0.249437063,0.878325385,False,down
WBGene00001564,4,1.0,GenX,-0.315235217,0.878325385,False,down
WBGene00004177,4,1.0,GenX,-0.645482506,0.878325385,False,down
WBGene00006693,4,0.5333333333333333,GenX,-0.09980975,0.878649283,False,down
WBGene00007980,4,0.9666666666666667,GenX,0.049030134,0.879267975,False,up
WBGene00011727,4,1.0,GenX,0.204943005,0.880327124,False,up
WBGene00010232,4,1.0,GenX,0.059439831,0.880770816,False,up
WBGene00012776,4,1.0,GenX,0.125022783,0.881528427,False,up
WBGene00007981,4,1.0,GenX,0.100389665,0.881674927,False,up
WBGene00013548,4,1.0,GenX,0.108680111,0.882933382,False,up
WBGene00002111,4,1.0,GenX,0.172603548,0.883097827,False,up
WBGene00015704,4,0.5666666666666667,GenX,0.077497748,0.883531236,False,up
WBGene00016734,4,1.0,GenX,0.09656126,0.884358056,False,up
WBGene00011854,4,1.0,GenX,0.122815937,0.884627281,False,up
WBGene00017781,4,0.9666666666666667,GenX,0.125816367,0.885399898,False,up
WBGene00009660,4,1.0,GenX,0.134806372,0.88552011,False,up
WBGene00022635,4,1.0,GenX,-0.06719193,0.88552011,False,down
WBGene00008530,4,1.0,GenX,-0.073522835,0.885589904,False,down
WBGene00017430,4,1.0,GenX,0.093818167,0.885595864,False,up
WBGene00015350,4,1.0,GenX,0.071297343,0.885595864,False,up
WBGene00008439,4,1.0,GenX,0.16166282,0.885732567,False,up
WBGene00004030,4,0.9,GenX,0.122656488,0.886065524,False,up
WBGene00013181,4,1.0,GenX,0.148215585,0.887091548,False,up
WBGene00018763,4,0.9666666666666667,GenX,0.138475967,0.88717778,False,up
WBGene00004949,4,0.9666666666666667,GenX,0.058244137,0.88784542,False,up
WBGene00006996,4,1.0,GenX,0.102260861,0.888067909,False,up
WBGene00004145,4,1.0,GenX,0.140092216,0.888502228,False,up
WBGene00016017,4,0.7666666666666667,GenX,-0.406250092,0.888502228,False,down
WBGene00006431,4,1.0,GenX,0.120023931,0.888503353,False,up
WBGene00236809,4,0.7666666666666667,GenX,-0.249627246,0.888503353,False,down
WBGene00006608,4,1.0,GenX,0.116646097,0.890212283,False,up
WBGene00019827,4,1.0,GenX,0.068984901,0.890212283,False,up
WBGene00000534,4,1.0,GenX,0.055897991,0.890212283,False,up
WBGene00004300,4,1.0,GenX,0.437367387,0.890601729,False,up
WBGene00008040,4,1.0,GenX,0.195486532,0.890601729,False,up
WBGene00020224,4,1.0,GenX,0.167973629,0.890601729,False,up
WBGene00012641,4,1.0,GenX,0.080086077,0.890601729,False,up
WBGene00015926,4,1.0,GenX,0.040223037,0.890601729,False,up
WBGene00004272,4,1.0,GenX,-0.044781973,0.890601729,False,down
WBGene00006949,4,1.0,GenX,-0.081202428,0.890601729,False,down
WBGene00022115,4,1.0,GenX,-0.086187296,0.890601729,False,down
WBGene00000490,4,0.9666666666666667,GenX,-0.090082155,0.890601729,False,down
WBGene00020849,4,1.0,GenX,-0.317908097,0.890601729,False,down
WBGene00019726,4,0.6666666666666666,GenX,0.054406759,0.890615149,False,up
WBGene00001864,4,1.0,GenX,0.153600856,0.890907227,False,up
WBGene00015251,4,1.0,GenX,0.193524094,0.892519623,False,up
WBGene00007892,4,0.6333333333333333,GenX,0.078359183,0.893869897,False,up
WBGene00001707,4,1.0,GenX,-0.102776313,0.893869897,False,down
WBGene00020142,4,1.0,GenX,0.054454025,0.895750155,False,up
WBGene00020260,4,0.9333333333333333,GenX,-0.140042475,0.895928922,False,down
WBGene00019902,4,0.8333333333333334,GenX,-0.086913776,0.897475489,False,down
WBGene00012282,4,0.9333333333333333,GenX,0.159030521,0.897497195,False,up
WBGene00004858,4,0.6333333333333333,GenX,0.110487987,0.897497195,False,up
WBGene00018294,4,1.0,GenX,0.095131461,0.897497195,False,up
WBGene00012244,4,1.0,GenX,0.062949707,0.897497195,False,up
WBGene00022717,4,1.0,GenX,0.048723353,0.897497195,False,up
WBGene00018288,4,1.0,GenX,-0.124463262,0.897497195,False,down
WBGene00017128,4,0.6333333333333333,GenX,0.08847502,0.897573879,False,up
WBGene00004169,4,1.0,GenX,0.083227331,0.898159714,False,up
WBGene00004168,4,1.0,GenX,0.140853971,0.898405959,False,up
WBGene00006663,4,1.0,GenX,0.063350718,0.898405959,False,up
WBGene00004132,4,1.0,GenX,0.035881987,0.898405959,False,up
WBGene00016147,4,1.0,GenX,0.239585772,0.898477035,False,up
WBGene00020699,4,1.0,GenX,-0.372969208,0.898477035,False,down
WBGene00019102,4,0.9,GenX,0.059369083,0.898909905,False,up
WBGene00008915,4,1.0,GenX,0.149678089,0.900361606,False,up
WBGene00003583,4,1.0,GenX,0.080300967,0.900361606,False,up
WBGene00010700,4,0.9,GenX,0.076539355,0.900361606,False,up
WBGene00015868,4,1.0,GenX,0.057880844,0.900361606,False,up
WBGene00006767,4,0.5666666666666667,GenX,0.063422438,0.900376506,False,up
WBGene00013633,4,1.0,GenX,0.258746494,0.901476405,False,up
WBGene00012389,4,0.9666666666666667,GenX,0.051122235,0.901476405,False,up
WBGene00020251,4,1.0,GenX,0.050315628,0.901476405,False,up
WBGene00008027,4,1.0,GenX,-0.257824353,0.901476405,False,down
WBGene00020555,4,0.6333333333333333,GenX,0.305287934,0.901505176,False,up
WBGene00021702,4,1.0,GenX,0.071144624,0.901547864,False,up
WBGene00219373,4,0.6666666666666666,GenX,-0.094469024,0.901716866,False,down
WBGene00015427,4,0.6,GenX,0.105062898,0.903727761,False,up
WBGene00012254,4,0.6666666666666666,GenX,0.344694311,0.904101993,False,up
WBGene00013485,4,1.0,GenX,0.14790661,0.904101993,False,up
WBGene00016505,4,1.0,GenX,0.08831314,0.904101993,False,up
WBGene00003739,4,1.0,GenX,0.06518454,0.904101993,False,up
WBGene00015249,4,1.0,GenX,0.06368174,0.904101993,False,up
WBGene00019686,4,1.0,GenX,0.061910638,0.904101993,False,up
WBGene00002176,4,0.6666666666666666,GenX,0.058689584,0.904101993,False,up
WBGene00006614,4,0.6333333333333333,GenX,-0.056428327,0.904101993,False,down
WBGene00006732,4,1.0,GenX,-0.079502385,0.904101993,False,down
WBGene00021493,4,1.0,GenX,-0.090277896,0.904101993,False,down
WBGene00016187,4,0.5666666666666667,GenX,-0.391294362,0.904101993,False,down
WBGene00002101,4,1.0,GenX,0.103684084,0.904208224,False,up
WBGene00014016,4,1.0,GenX,-0.05496948,0.904812282,False,down
WBGene00016796,4,1.0,GenX,-0.106274008,0.904812282,False,down
WBGene00021469,4,1.0,GenX,0.121364981,0.905543418,False,up
WBGene00004727,4,1.0,GenX,0.074068937,0.905662008,False,up
WBGene00003822,4,1.0,GenX,0.055705987,0.906986974,False,up
WBGene00012585,4,1.0,GenX,0.27279344,0.907041433,False,up
WBGene00009578,4,1.0,GenX,-0.087900382,0.907041433,False,down
WBGene00017950,4,1.0,GenX,0.103293128,0.907803026,False,up
WBGene00004144,4,1.0,GenX,0.205601287,0.907840527,False,up
WBGene00012703,4,1.0,GenX,0.126628083,0.907840527,False,up
WBGene00019666,4,1.0,GenX,0.068455224,0.907840527,False,up
WBGene00009975,4,1.0,GenX,-0.049356064,0.907840527,False,down
WBGene00016974,4,0.9333333333333333,GenX,-0.092745877,0.907840527,False,down
WBGene00009448,4,1.0,GenX,-0.061536458,0.907904607,False,down
WBGene00015993,4,1.0,GenX,0.588223054,0.909505682,False,up
WBGene00000797,4,0.6666666666666666,GenX,-0.145850121,0.909683949,False,down
WBGene00018375,4,1.0,GenX,0.385477309,0.910505882,False,up
WBGene00003686,4,1.0,GenX,0.096916585,0.910505882,False,up
WBGene00013222,4,1.0,GenX,0.085079336,0.910505882,False,up
WBGene00015047,4,1.0,GenX,0.054058824,0.910505882,False,up
WBGene00009702,4,1.0,GenX,-0.20833687,0.910505882,False,down
WBGene00009296,4,1.0,GenX,0.28493017,0.910737481,False,up
WBGene00006103,4,1.0,GenX,0.274308501,0.910737481,False,up
WBGene00003617,4,1.0,GenX,0.136980775,0.910737481,False,up
WBGene00011100,4,1.0,GenX,0.127683967,0.910737481,False,up
WBGene00006923,4,1.0,GenX,0.092262191,0.910737481,False,up
WBGene00013317,4,1.0,GenX,0.067661695,0.910737481,False,up
WBGene00021808,4,1.0,GenX,0.058065254,0.910737481,False,up
WBGene00007499,4,1.0,GenX,-0.050817497,0.910737481,False,down
WBGene00004991,4,1.0,GenX,-0.329985499,0.910737481,False,down
WBGene00007295,4,0.9,GenX,0.167533133,0.911056819,False,up
WBGene00003812,4,0.9333333333333333,GenX,0.087865738,0.911089717,False,up
WBGene00007007,4,1.0,GenX,-0.047992087,0.911745436,False,down
WBGene00003518,4,1.0,GenX,-0.219138664,0.911745436,False,down
WBGene00003654,4,1.0,GenX,0.07848937,0.912075429,False,up
WBGene00017852,4,1.0,GenX,0.03527514,0.912244381,False,up
WBGene00044737,4,1.0,GenX,-0.092023089,0.912591933,False,down
WBGene00011026,4,1.0,GenX,-0.083250664,0.912615481,False,down
WBGene00008970,4,0.5666666666666667,GenX,0.132850204,0.912701069,False,up
WBGene00000787,4,0.9333333333333333,GenX,0.052503198,0.913371628,False,up
WBGene00021260,4,1.0,GenX,0.111471464,0.913863332,False,up
WBGene00004807,4,1.0,GenX,0.026450556,0.914643203,False,up
WBGene00016366,4,1.0,GenX,0.098866501,0.914681127,False,up
WBGene00015479,4,1.0,GenX,-0.154822943,0.914681127,False,down
WBGene00010480,4,1.0,GenX,0.074535039,0.915165308,False,up
WBGene00010320,4,1.0,GenX,-0.083502446,0.915165308,False,down
WBGene00002069,4,1.0,GenX,0.140528728,0.915205669,False,up
WBGene00000481,4,0.9,GenX,0.065815538,0.915205669,False,up
WBGene00194695,4,0.9333333333333333,GenX,0.272822037,0.915443964,False,up
WBGene00020887,4,1.0,GenX,0.086759358,0.915559816,False,up
WBGene00004380,4,1.0,GenX,0.156013847,0.915729064,False,up
WBGene00020891,4,0.5666666666666667,GenX,0.064654168,0.915871413,False,up
WBGene00003659,4,1.0,GenX,0.054376466,0.915871413,False,up
WBGene00000102,4,1.0,GenX,-0.068751811,0.915871413,False,down
WBGene00006881,4,1.0,GenX,0.090146014,0.916328563,False,up
WBGene00008052,4,1.0,GenX,0.060112559,0.916328563,False,up
WBGene00011185,4,1.0,GenX,-0.172845707,0.917173218,False,down
WBGene00022386,4,1.0,GenX,0.090932055,0.917773298,False,up
WBGene00000911,4,1.0,GenX,0.037908432,0.917773298,False,up
WBGene00011955,4,1.0,GenX,-0.044375115,0.917773298,False,down
WBGene00000298,4,0.8,GenX,-0.106666281,0.917773298,False,down
WBGene00016345,4,1.0,GenX,-0.176762138,0.917773298,False,down
WBGene00044071,4,0.5666666666666667,GenX,0.053574029,0.917826263,False,up
WBGene00015430,4,1.0,GenX,0.061266145,0.918449738,False,up
WBGene00006738,4,1.0,GenX,-0.060753583,0.918449738,False,down
WBGene00004825,4,1.0,GenX,0.063187431,0.918806544,False,up
WBGene00012987,4,1.0,GenX,-0.057125751,0.918806544,False,down
WBGene00015748,4,1.0,GenX,-0.161906509,0.918806544,False,down
WBGene00021509,4,1.0,GenX,-0.056189667,0.919007754,False,down
WBGene00021333,4,1.0,GenX,0.091937412,0.919145735,False,up
WBGene00004249,4,1.0,GenX,0.108978336,0.919345252,False,up
WBGene00000273,4,1.0,GenX,0.105532628,0.919345252,False,up
WBGene00019906,4,1.0,GenX,0.329538741,0.919553964,False,up
WBGene00007414,4,1.0,GenX,0.129761101,0.919553964,False,up
WBGene00019466,4,1.0,GenX,0.123092426,0.91987873,False,up
WBGene00012332,4,1.0,GenX,0.101144436,0.91987873,False,up
WBGene00000950,4,1.0,GenX,0.08182137,0.91987873,False,up
WBGene00012907,4,1.0,GenX,0.074271627,0.91987873,False,up
WBGene00007878,4,1.0,GenX,-0.107380421,0.920628207,False,down
WBGene00013639,4,1.0,GenX,0.058254228,0.920633214,False,up
WBGene00009996,4,1.0,GenX,0.065274573,0.920794404,False,up
WBGene00009226,4,0.9666666666666667,GenX,0.545800372,0.921239323,False,up
WBGene00020469,4,1.0,GenX,0.122491055,0.921239323,False,up
WBGene00019816,4,1.0,GenX,0.070272082,0.921239323,False,up
WBGene00006697,4,1.0,GenX,0.046830726,0.921239323,False,up
WBGene00014066,4,1.0,GenX,0.043679662,0.921239323,False,up
WBGene00018413,4,1.0,GenX,-0.144125277,0.921239323,False,down
WBGene00008224,4,1.0,GenX,-0.081478864,0.921506145,False,down
WBGene00015938,4,0.9,GenX,0.042309716,0.921861601,False,up
WBGene00000793,4,1.0,GenX,0.054737718,0.922146442,False,up
WBGene00008100,4,1.0,GenX,0.053030454,0.92282339,False,up
WBGene00007365,4,1.0,GenX,0.190661038,0.923376232,False,up
WBGene00003634,4,1.0,GenX,0.059810884,0.923391369,False,up
WBGene00013448,4,1.0,GenX,0.07155519,0.924233318,False,up
WBGene00013202,4,1.0,GenX,0.045509513,0.924233318,False,up
WBGene00021019,4,1.0,GenX,-0.094287051,0.924233318,False,down
WBGene00206522,4,0.5666666666666667,GenX,0.099909182,0.92455237,False,up
WBGene00016289,4,1.0,GenX,0.043178728,0.925428836,False,up
WBGene00021504,4,1.0,GenX,0.35548073,0.926346424,False,up
WBGene00007208,4,1.0,GenX,0.131748596,0.926346424,False,up
WBGene00019592,4,1.0,GenX,0.101562701,0.926346424,False,up
WBGene00019488,4,1.0,GenX,0.059832846,0.926346424,False,up
WBGene00006750,4,0.6,GenX,0.045757562,0.926346424,False,up
WBGene00000086,4,1.0,GenX,0.0452684,0.926346424,False,up
WBGene00004945,4,1.0,GenX,0.039733633,0.926346424,False,up
WBGene00007016,4,1.0,GenX,-0.038969718,0.926346424,False,down
WBGene00000510,4,1.0,GenX,-0.056443259,0.926346424,False,down
WBGene00044636,4,1.0,GenX,-0.098685259,0.926577884,False,down
WBGene00017865,4,1.0,GenX,0.137746506,0.926625944,False,up
WBGene00003591,4,1.0,GenX,0.086448313,0.926625944,False,up
WBGene00009547,4,1.0,GenX,0.10453108,0.926707564,False,up
WBGene00018952,4,0.9666666666666667,GenX,0.071702037,0.926707564,False,up
WBGene00001796,4,1.0,GenX,-0.084477469,0.926707564,False,down
WBGene00009033,4,1.0,GenX,0.366995922,0.928389512,False,up
WBGene00003086,4,1.0,GenX,0.037422775,0.928432701,False,up
WBGene00001624,4,0.5666666666666667,GenX,-0.070739526,0.928432701,False,down
WBGene00010681,4,1.0,GenX,0.060674707,0.928945657,False,up
WBGene00003619,4,1.0,GenX,0.057258855,0.928945657,False,up
WBGene00016975,4,1.0,GenX,-0.066634237,0.928945657,False,down
WBGene00020007,4,0.7666666666666667,GenX,0.138381084,0.929408979,False,up
WBGene00017762,4,1.0,GenX,-0.102967186,0.929408979,False,down
WBGene00004123,4,1.0,GenX,-0.087033422,0.929543953,False,down
WBGene00010870,4,0.9333333333333333,GenX,0.062681875,0.930077214,False,up
WBGene00010010,4,0.9,GenX,0.091532607,0.930134171,False,up
WBGene00001621,4,0.9666666666666667,GenX,0.052377715,0.930599584,False,up
WBGene00003368,4,0.9333333333333333,GenX,-0.040263671,0.930599584,False,down
WBGene00016935,4,0.6333333333333333,GenX,-0.068188772,0.930599584,False,down
WBGene00044509,4,0.9666666666666667,GenX,-0.09461515,0.930599584,False,down
WBGene00009801,4,1.0,GenX,0.066647132,0.930708421,False,up
WBGene00000415,4,1.0,GenX,0.045263515,0.930708421,False,up
WBGene00001911,4,1.0,GenX,0.060397646,0.930861687,False,up
WBGene00013595,4,1.0,GenX,0.047164828,0.93137979,False,up
WBGene00012113,4,1.0,GenX,0.183079442,0.931423336,False,up
WBGene00001858,4,1.0,GenX,0.142622294,0.931423336,False,up
WBGene00008421,4,0.5666666666666667,GenX,0.12031724,0.931423336,False,up
WBGene00012306,4,1.0,GenX,0.051120281,0.931423336,False,up
WBGene00015551,4,1.0,GenX,0.049248363,0.931423336,False,up
WBGene00020368,4,0.9333333333333333,GenX,-0.047227769,0.931423336,False,down
WBGene00023415,4,1.0,GenX,-0.07841786,0.931423336,False,down
WBGene00011263,4,0.6666666666666666,GenX,-0.094952753,0.931423336,False,down
WBGene00045516,4,1.0,GenX,-0.116822833,0.932022227,False,down
WBGene00018582,4,1.0,GenX,-0.081036165,0.932624468,False,down
WBGene00008914,4,1.0,GenX,0.042299492,0.932765125,False,up
WBGene00020301,4,1.0,GenX,0.036240702,0.933025448,False,up
WBGene00021157,4,0.9333333333333333,GenX,0.18768966,0.93302783,False,up
WBGene00044167,4,1.0,GenX,0.161206139,0.93302783,False,up
WBGene00006983,4,0.9666666666666667,GenX,0.135435981,0.93302783,False,up
WBGene00013756,4,0.9666666666666667,GenX,0.130670308,0.93302783,False,up
WBGene00043297,4,1.0,GenX,0.127087298,0.93302783,False,up
WBGene00006662,4,1.0,GenX,0.066620359,0.93302783,False,up
WBGene00021843,4,1.0,GenX,0.063914519,0.93302783,False,up
WBGene00021268,4,1.0,GenX,0.05913056,0.93302783,False,up
WBGene00021629,4,1.0,GenX,0.058644394,0.93302783,False,up
WBGene00008311,4,1.0,GenX,0.055641879,0.93302783,False,up
WBGene00022718,4,1.0,GenX,0.042759979,0.93302783,False,up
WBGene00008006,4,0.9333333333333333,GenX,0.040049575,0.93302783,False,up
WBGene00000900,4,1.0,GenX,0.035700555,0.93302783,False,up
WBGene00016303,4,0.9666666666666667,GenX,-0.207476495,0.93302783,False,down
WBGene00017031,4,1.0,GenX,0.050420101,0.933083471,False,up
WBGene00017901,4,1.0,GenX,0.068815317,0.933497315,False,up
WBGene00017792,4,1.0,GenX,0.064429624,0.933975294,False,up
WBGene00003588,4,1.0,GenX,0.057916299,0.934146706,False,up
WBGene00008926,4,1.0,GenX,0.136955236,0.93415142,False,up
WBGene00021693,4,1.0,GenX,0.094294712,0.93415142,False,up
WBGene00013093,4,1.0,GenX,-0.061677838,0.93415142,False,down
WBGene00011103,4,0.8333333333333334,GenX,-0.221914696,0.93415142,False,down
WBGene00003741,4,1.0,GenX,0.050437792,0.934154484,False,up
WBGene00003698,4,1.0,GenX,-0.117530794,0.934154484,False,down
WBGene00009803,4,1.0,GenX,0.103405907,0.934607044,False,up
WBGene00007586,4,1.0,GenX,0.054756061,0.934878863,False,up
WBGene00000020,4,0.9333333333333333,GenX,0.039904366,0.934878863,False,up
WBGene00015202,4,1.0,GenX,0.257134911,0.934895413,False,up
WBGene00003562,4,1.0,GenX,-0.352055311,0.935821935,False,down
WBGene00015650,4,1.0,GenX,-0.084889531,0.935833697,False,down
WBGene00002108,4,1.0,GenX,0.287391057,0.936257825,False,up
WBGene00019801,4,1.0,GenX,0.091614848,0.936257825,False,up
WBGene00017894,4,0.7666666666666667,GenX,0.081095391,0.936257825,False,up
WBGene00006495,4,1.0,GenX,-0.054099877,0.936257825,False,down
WBGene00003749,4,0.7666666666666667,GenX,0.041053008,0.936476862,False,up
WBGene00044418,4,1.0,GenX,-0.062757013,0.936476862,False,down
WBGene00003752,4,1.0,GenX,0.054579775,0.936818464,False,up
WBGene00009953,4,1.0,GenX,-0.060270695,0.936855556,False,down
WBGene00017676,4,0.5333333333333333,GenX,-0.056865328,0.937122053,False,down
WBGene00003423,4,1.0,GenX,0.031590184,0.937458158,False,up
WBGene00007204,4,0.7666666666666667,GenX,0.164195212,0.937713866,False,up
WBGene00014004,4,1.0,GenX,0.056027773,0.937713866,False,up
WBGene00015642,4,0.9333333333333333,GenX,0.04636851,0.937713866,False,up
WBGene00003573,4,0.9,GenX,-0.085870125,0.938410597,False,down
WBGene00002265,4,1.0,GenX,0.129364343,0.938630483,False,up
WBGene00001803,4,1.0,GenX,0.087266817,0.939156295,False,up
WBGene00019831,4,1.0,GenX,-0.043878925,0.939156295,False,down
WBGene00006982,4,1.0,GenX,-0.063285336,0.939156295,False,down
WBGene00008435,4,1.0,GenX,-0.072770718,0.939156295,False,down
WBGene00016504,4,1.0,GenX,0.058251958,0.939156416,False,up
WBGene00001081,4,1.0,GenX,0.038307075,0.939733905,False,up
WBGene00011251,4,0.5333333333333333,GenX,0.10104018,0.940453175,False,up
WBGene00011899,4,1.0,GenX,0.076390168,0.940453175,False,up
WBGene00004933,4,1.0,GenX,0.068191928,0.940453175,False,up
WBGene00011561,4,0.6666666666666666,GenX,0.067322722,0.940453175,False,up
WBGene00003685,4,1.0,GenX,0.049198355,0.940453175,False,up
WBGene00011392,4,1.0,GenX,0.041229001,0.940453175,False,up
WBGene00013750,4,0.8,GenX,-0.124473213,0.940554733,False,down
WBGene00007492,4,1.0,GenX,-0.031756595,0.940911338,False,down
WBGene00015549,4,1.0,GenX,-0.331781776,0.942445834,False,down
WBGene00021740,4,1.0,GenX,0.070858652,0.942448502,False,up
WBGene00021890,4,1.0,GenX,0.034426635,0.942510222,False,up
WBGene00044762,4,0.9666666666666667,GenX,0.047603623,0.943224427,False,up
WBGene00018411,4,1.0,GenX,-0.194928842,0.943224427,False,down
WBGene00009384,4,1.0,GenX,-0.20050157,0.943982539,False,down
WBGene00008505,4,0.8666666666666667,GenX,-0.033048524,0.945272136,False,down
WBGene00018747,4,0.9,GenX,0.151715431,0.945667281,False,up
WBGene00015675,4,1.0,GenX,-0.112221994,0.945667281,False,down
WBGene00007231,4,1.0,GenX,0.166362853,0.946087356,False,up
WBGene00015002,4,0.5333333333333333,GenX,0.100126838,0.946087356,False,up
WBGene00007749,4,1.0,GenX,0.082383349,0.946087356,False,up
WBGene00004384,4,1.0,GenX,0.036600718,0.946087356,False,up
WBGene00020462,4,1.0,GenX,0.034557229,0.946087356,False,up
WBGene00004284,4,0.5333333333333333,GenX,-0.031492729,0.946087356,False,down
WBGene00010427,4,1.0,GenX,-0.037135506,0.946087356,False,down
WBGene00012117,4,0.9666666666666667,GenX,-0.060950275,0.946087356,False,down
WBGene00001547,4,0.9666666666666667,GenX,-0.080906565,0.946087356,False,down
WBGene00303364,4,1.0,GenX,-0.128815976,0.946087356,False,down
WBGene00016193,4,1.0,GenX,-0.201638441,0.946087356,False,down
WBGene00011944,4,1.0,GenX,0.052164139,0.946091619,False,up
WBGene00017748,4,1.0,GenX,-0.064157903,0.946091619,False,down
WBGene00020861,4,0.9666666666666667,GenX,-0.08091448,0.946091619,False,down
WBGene00004128,4,1.0,GenX,0.034857481,0.946315826,False,up
WBGene00006479,4,0.9333333333333333,GenX,0.029757837,0.946704551,False,up
WBGene00009028,4,1.0,GenX,0.305428569,0.94709174,False,up
WBGene00017440,4,1.0,GenX,0.061718072,0.94709174,False,up
WBGene00021047,4,1.0,GenX,0.035637456,0.94709174,False,up
WBGene00012919,4,0.5333333333333333,GenX,0.258708761,0.947385374,False,up
WBGene00001670,4,1.0,GenX,0.221913458,0.947385374,False,up
WBGene00019284,4,1.0,GenX,0.103285565,0.947385374,False,up
WBGene00016458,4,1.0,GenX,0.097109625,0.947385374,False,up
WBGene00014077,4,1.0,GenX,0.080607223,0.947385374,False,up
WBGene00003716,4,1.0,GenX,0.064029844,0.947385374,False,up
WBGene00015354,4,1.0,GenX,0.033943917,0.947385374,False,up
WBGene00007545,4,1.0,GenX,-0.034535833,0.947385374,False,down
WBGene00014074,4,1.0,GenX,-0.065607378,0.947385374,False,down
WBGene00019665,4,1.0,GenX,-0.088378901,0.947385374,False,down
WBGene00019651,4,0.9333333333333333,GenX,-0.098313203,0.947385374,False,down
WBGene00008647,4,0.9666666666666667,GenX,-0.207873691,0.947385374,False,down
WBGene00006415,4,1.0,GenX,-0.031889208,0.947657808,False,down
WBGene00020740,4,1.0,GenX,0.060844021,0.948042749,False,up
WBGene00008360,4,1.0,GenX,0.043665937,0.948042749,False,up
WBGene00017385,4,1.0,GenX,0.034855375,0.948042749,False,up
WBGene00019750,4,1.0,GenX,-0.088224982,0.948042749,False,down
WBGene00020931,4,1.0,GenX,0.048544983,0.948357032,False,up
WBGene00003510,4,1.0,GenX,0.047871362,0.948357032,False,up
WBGene00012383,4,1.0,GenX,0.141304977,0.948404848,False,up
WBGene00018213,4,1.0,GenX,0.139943286,0.948404848,False,up
WBGene00001517,4,0.8,GenX,0.054966694,0.948404848,False,up
WBGene00018355,4,0.5666666666666667,GenX,-0.098035991,0.948404848,False,down
WBGene00045356,4,0.5333333333333333,GenX,-0.240922435,0.948404848,False,down
WBGene00005191,4,0.9666666666666667,GenX,0.257691896,0.948566524,False,up
WBGene00013926,4,1.0,GenX,0.095172812,0.948677142,False,up
WBGene00022423,4,1.0,GenX,0.060349514,0.948677142,False,up
WBGene00001445,4,1.0,GenX,0.052623994,0.948938636,False,up
WBGene00009772,4,1.0,GenX,-0.029253125,0.949426408,False,down
WBGene00003009,4,1.0,GenX,0.02563807,0.949605021,False,up
WBGene00044536,4,1.0,GenX,0.199258598,0.949811442,False,up
WBGene00021068,4,1.0,GenX,0.052906329,0.949811442,False,up
WBGene00002299,4,1.0,GenX,-0.049382159,0.950060677,False,down
WBGene00018216,4,1.0,GenX,0.045280881,0.951232207,False,up
WBGene00016332,4,1.0,GenX,0.156646542,0.951263233,False,up
WBGene00011995,4,1.0,GenX,0.034674756,0.951263233,False,up
WBGene00017158,4,0.5333333333333333,GenX,-0.039682709,0.951263233,False,down
WBGene00013498,4,1.0,GenX,-0.260400602,0.951837462,False,down
WBGene00009663,4,0.7666666666666667,GenX,-0.093126006,0.951948118,False,down
WBGene00013805,4,1.0,GenX,-0.031998983,0.952328468,False,down
WBGene00022643,4,1.0,GenX,-0.277475076,0.952328468,False,down
WBGene00010037,4,1.0,GenX,-0.027290869,0.952698159,False,down
WBGene00000980,4,1.0,GenX,0.072384932,0.952773436,False,up
WBGene00013020,4,1.0,GenX,0.03187974,0.952773436,False,up
WBGene00003724,4,1.0,GenX,0.054628457,0.953370871,False,up
WBGene00011154,4,1.0,GenX,0.044127923,0.953887385,False,up
WBGene00022077,4,1.0,GenX,0.049478709,0.953942973,False,up
WBGene00271701,4,0.9333333333333333,GenX,-0.105661922,0.954241594,False,down
WBGene00003653,4,1.0,GenX,-0.090973548,0.954408696,False,down
WBGene00018075,4,0.7,GenX,0.028600909,0.954965792,False,up
WBGene00010955,4,0.6333333333333333,GenX,0.633157554,0.955173445,False,up
WBGene00016097,4,1.0,GenX,0.088402677,0.955173445,False,up
WBGene00006791,4,1.0,GenX,0.027299699,0.955173445,False,up
WBGene00001837,4,0.9333333333333333,GenX,-0.02896609,0.955173445,False,down
WBGene00016465,4,0.5666666666666667,GenX,0.232244567,0.956218241,False,up
WBGene00018384,4,1.0,GenX,0.167119038,0.956218241,False,up
WBGene00023407,4,0.9,GenX,0.112469569,0.956218241,False,up
WBGene00015947,4,1.0,GenX,0.106410584,0.956218241,False,up
WBGene00003861,4,1.0,GenX,0.101232845,0.956218241,False,up
WBGene00017038,4,0.7333333333333333,GenX,0.071096267,0.956218241,False,up
WBGene00001544,4,1.0,GenX,0.06641087,0.956218241,False,up
WBGene00012444,4,1.0,GenX,0.054709698,0.956218241,False,up
WBGene00020092,4,1.0,GenX,0.044930394,0.956218241,False,up
WBGene00018872,4,1.0,GenX,0.031647666,0.956218241,False,up
WBGene00007647,4,1.0,GenX,0.031077653,0.956218241,False,up
WBGene00015126,4,1.0,GenX,0.02904811,0.956218241,False,up
WBGene00003073,4,1.0,GenX,0.027744604,0.956218241,False,up
WBGene00017066,4,0.8666666666666667,GenX,0.026461838,0.956218241,False,up
WBGene00018756,4,1.0,GenX,0.023135675,0.956218241,False,up
WBGene00003149,4,1.0,GenX,0.022109271,0.956218241,False,up
WBGene00009850,4,0.9666666666666667,GenX,-0.048003496,0.956218241,False,down
WBGene00001118,4,1.0,GenX,-0.049533693,0.956218241,False,down
WBGene00045336,4,0.9666666666666667,GenX,-0.079352154,0.956218241,False,down
WBGene00019571,4,1.0,GenX,-0.132972873,0.956218241,False,down
WBGene00021215,4,0.9333333333333333,GenX,-0.176977804,0.956218241,False,down
WBGene00009399,4,1.0,GenX,-0.077399194,0.956387558,False,down
WBGene00021586,4,0.8,GenX,-0.250025981,0.956387558,False,down
WBGene00021876,4,1.0,GenX,0.129861287,0.956575079,False,up
WBGene00018249,4,1.0,GenX,0.040727305,0.956856437,False,up
WBGene00017195,4,1.0,GenX,0.035445581,0.956856437,False,up
WBGene00003014,4,1.0,GenX,0.031002075,0.956856437,False,up
WBGene00007502,4,0.9666666666666667,GenX,-0.074622662,0.956856437,False,down
WBGene00016384,4,1.0,GenX,0.03281759,0.956943833,False,up
WBGene00019305,4,1.0,GenX,0.0284687,0.957224844,False,up
WBGene00022139,4,1.0,GenX,-0.024081709,0.957224844,False,down
WBGene00015197,4,0.6,GenX,-0.05613493,0.957224844,False,down
WBGene00009447,4,1.0,GenX,-0.076135083,0.957224844,False,down
WBGene00008832,4,1.0,GenX,0.038201334,0.95734558,False,up
WBGene00011733,4,1.0,GenX,0.128110446,0.959100976,False,up
WBGene00012351,4,1.0,GenX,-0.032244042,0.959994873,False,down
WBGene00002133,4,1.0,GenX,0.079527361,0.960115884,False,up
WBGene00008447,4,1.0,GenX,-0.127548386,0.961750003,False,down
WBGene00020315,4,1.0,GenX,0.057523401,0.961763079,False,up
WBGene00016128,4,1.0,GenX,0.035155769,0.961763079,False,up
WBGene00012777,4,1.0,GenX,0.085734142,0.962571085,False,up
WBGene00019301,4,1.0,GenX,0.02033029,0.962663285,False,up
WBGene00020200,4,1.0,GenX,0.093319751,0.963923214,False,up
WBGene00016716,4,1.0,GenX,0.047060159,0.963923214,False,up
WBGene00018590,4,1.0,GenX,0.035014123,0.964088186,False,up
WBGene00019436,4,1.0,GenX,0.087436963,0.964210299,False,up
WBGene00013692,4,1.0,GenX,0.040434634,0.965000289,False,up
WBGene00015705,4,1.0,GenX,0.09314024,0.965489832,False,up
WBGene00015476,4,1.0,GenX,0.060350944,0.965489832,False,up
WBGene00016540,4,0.5666666666666667,GenX,0.040148377,0.965489832,False,up
WBGene00002990,4,0.5666666666666667,GenX,0.031060382,0.965489832,False,up
WBGene00004057,4,1.0,GenX,-0.025980307,0.965489832,False,down
WBGene00017306,4,1.0,GenX,-0.07591832,0.965489832,False,down
WBGene00010484,4,1.0,GenX,0.060721563,0.965694882,False,up
WBGene00013969,4,0.5666666666666667,GenX,0.036592955,0.96592189,False,up
WBGene00011310,4,1.0,GenX,-0.073747498,0.96592189,False,down
WBGene00020930,4,0.9,GenX,0.023843682,0.965937609,False,up
WBGene00001608,4,1.0,GenX,-0.250344666,0.965937609,False,down
WBGene00002086,4,0.9333333333333333,GenX,0.085855256,0.966071131,False,up
WBGene00009164,4,1.0,GenX,0.034598341,0.966439286,False,up
WBGene00011004,4,1.0,GenX,-0.130677998,0.967610558,False,down
WBGene00008206,4,1.0,GenX,0.035586428,0.967767566,False,up
WBGene00020530,4,1.0,GenX,0.033083332,0.967767566,False,up
WBGene00017545,4,0.5666666666666667,GenX,0.18136143,0.968505756,False,up
WBGene00016406,4,1.0,GenX,-0.052386602,0.968620045,False,down
WBGene00021456,4,0.9,GenX,-0.031616502,0.968717243,False,down
WBGene00021858,4,1.0,GenX,0.165573232,0.968753383,False,up
WBGene00017411,4,1.0,GenX,0.09692935,0.968753383,False,up
WBGene00006702,4,1.0,GenX,0.033753036,0.968753383,False,up
WBGene00013242,4,1.0,GenX,0.029988118,0.968753383,False,up
WBGene00044553,4,1.0,GenX,-0.058438934,0.968753383,False,down
WBGene00013046,4,1.0,GenX,0.082929403,0.968865157,False,up
WBGene00019998,4,1.0,GenX,0.066936227,0.968865157,False,up
WBGene00004023,4,1.0,GenX,0.056323874,0.968865157,False,up
WBGene00016448,4,1.0,GenX,0.042102075,0.968865157,False,up
WBGene00019204,4,0.9333333333333333,GenX,-0.041995275,0.968865157,False,down
WBGene00006705,4,1.0,GenX,0.079384583,0.969578607,False,up
WBGene00017724,4,1.0,GenX,0.074582525,0.969578607,False,up
WBGene00001674,4,0.9,GenX,-0.033904005,0.969578607,False,down
WBGene00019960,4,1.0,GenX,0.068556976,0.969938528,False,up
WBGene00011839,4,1.0,GenX,0.063428342,0.969938528,False,up
WBGene00009050,4,1.0,GenX,0.047946312,0.969938528,False,up
WBGene00011849,4,1.0,GenX,0.047167136,0.969938528,False,up
WBGene00004083,4,1.0,GenX,0.042090336,0.969938528,False,up
WBGene00009121,4,0.6666666666666666,GenX,0.039501254,0.969938528,False,up
WBGene00002232,4,1.0,GenX,0.03309385,0.969938528,False,up
WBGene00016316,4,0.5666666666666667,GenX,0.032481087,0.969938528,False,up
WBGene00016454,4,0.5333333333333333,GenX,0.025649721,0.969938528,False,up
WBGene00017380,4,0.7,GenX,-0.023972357,0.969938528,False,down
WBGene00001053,4,0.9666666666666667,GenX,-0.048262526,0.969938528,False,down
WBGene00000017,4,1.0,GenX,-0.05151552,0.969938528,False,down
WBGene00003544,4,1.0,GenX,-0.070440864,0.969938528,False,down
WBGene00015753,4,0.6666666666666666,GenX,-0.08392419,0.969938528,False,down
WBGene00018731,4,1.0,GenX,-0.085719322,0.969938528,False,down
WBGene00016596,4,0.5666666666666667,GenX,-0.141649471,0.969938528,False,down
WBGene00007260,4,1.0,GenX,0.071645996,0.970050621,False,up
WBGene00001145,4,1.0,GenX,-0.024133823,0.970050621,False,down
WBGene00012850,4,1.0,GenX,-0.100448995,0.970050621,False,down
WBGene00016845,4,1.0,GenX,-0.166798843,0.970050621,False,down
WBGene00001548,4,1.0,GenX,0.07290313,0.970085442,False,up
WBGene00012387,4,0.9333333333333333,GenX,0.066423706,0.970085442,False,up
WBGene00020427,4,0.7333333333333333,GenX,0.036471251,0.970085442,False,up
WBGene00019170,4,1.0,GenX,0.033363701,0.970085442,False,up
WBGene00000894,4,1.0,GenX,0.028805147,0.970085442,False,up
WBGene00011732,4,1.0,GenX,0.028148774,0.970085442,False,up
WBGene00008356,4,1.0,GenX,0.024168647,0.970085442,False,up
WBGene00001194,4,1.0,GenX,0.024149792,0.970085442,False,up
WBGene00003684,4,1.0,GenX,0.050696131,0.970095835,False,up
WBGene00019357,4,1.0,GenX,-0.059737483,0.970095835,False,down
WBGene00007470,4,0.6333333333333333,GenX,0.099284429,0.970260179,False,up
WBGene00011326,4,0.7,GenX,0.023902083,0.970260179,False,up
WBGene00009584,4,1.0,GenX,-0.031806105,0.970260179,False,down
WBGene00003589,4,1.0,GenX,-0.041328231,0.970260179,False,down
WBGene00000583,4,1.0,GenX,-0.061686451,0.970260179,False,down
WBGene00002163,4,1.0,GenX,0.064669346,0.970458658,False,up
WBGene00000678,4,1.0,GenX,0.180972356,0.970716118,False,up
WBGene00004231,4,1.0,GenX,0.140449417,0.970716118,False,up
WBGene00044354,4,1.0,GenX,0.136298345,0.970716118,False,up
WBGene00016985,4,0.5333333333333333,GenX,0.1257656,0.970716118,False,up
WBGene00013244,4,1.0,GenX,0.105612354,0.970716118,False,up
WBGene00016866,4,1.0,GenX,0.089152161,0.970716118,False,up
WBGene00006621,4,0.6,GenX,0.08767882,0.970716118,False,up
WBGene00013802,4,0.8,GenX,0.062090045,0.970716118,False,up
WBGene00022197,4,0.9,GenX,0.061039038,0.970716118,False,up
WBGene00006660,4,1.0,GenX,0.055802605,0.970716118,False,up
WBGene00016865,4,1.0,GenX,0.049833739,0.970716118,False,up
WBGene00017653,4,1.0,GenX,0.044407983,0.970716118,False,up
WBGene00003632,4,1.0,GenX,0.043662286,0.970716118,False,up
WBGene00015056,4,1.0,GenX,0.043404934,0.970716118,False,up
WBGene00003884,4,1.0,GenX,0.042624921,0.970716118,False,up
WBGene00003616,4,0.5666666666666667,GenX,0.036918338,0.970716118,False,up
WBGene00016383,4,1.0,GenX,0.034918275,0.970716118,False,up
WBGene00010809,4,1.0,GenX,0.031805178,0.970716118,False,up
WBGene00004894,4,1.0,GenX,0.028504177,0.970716118,False,up
WBGene00000041,4,1.0,GenX,0.027023212,0.970716118,False,up
WBGene00007772,4,0.5666666666666667,GenX,0.023903602,0.970716118,False,up
WBGene00010796,4,1.0,GenX,0.019957711,0.970716118,False,up
WBGene00009594,4,1.0,GenX,0.01992672,0.970716118,False,up
WBGene00021691,4,1.0,GenX,-0.031873347,0.970716118,False,down
WBGene00002997,4,1.0,GenX,-0.033494193,0.970716118,False,down
WBGene00009503,4,1.0,GenX,-0.033602596,0.970716118,False,down
WBGene00021893,4,0.5333333333333333,GenX,-0.034264621,0.970716118,False,down
WBGene00010110,4,1.0,GenX,-0.040106714,0.970716118,False,down
WBGene00003712,4,0.5666666666666667,GenX,-0.043296303,0.970716118,False,down
WBGene00001438,4,1.0,GenX,-0.146555864,0.970716118,False,down
WBGene00001087,4,1.0,GenX,0.021521034,0.970758204,False,up
WBGene00021490,4,0.8,GenX,-0.076740008,0.970758204,False,down
WBGene00003748,4,1.0,GenX,0.027695179,0.970769228,False,up
WBGene00006599,4,1.0,GenX,0.018094931,0.970769228,False,up
WBGene00013146,4,1.0,GenX,0.104711779,0.971159695,False,up
WBGene00012945,4,1.0,GenX,0.095117831,0.971159695,False,up
WBGene00006654,4,0.9,GenX,0.073575176,0.971159695,False,up
WBGene00185092,4,1.0,GenX,0.064012955,0.971159695,False,up
WBGene00015409,4,0.6666666666666666,GenX,0.057630834,0.971159695,False,up
WBGene00015921,4,0.9333333333333333,GenX,0.0576242,0.971159695,False,up
WBGene00004100,4,1.0,GenX,0.056814684,0.971159695,False,up
WBGene00008204,4,1.0,GenX,0.044416583,0.971159695,False,up
WBGene00014058,4,1.0,GenX,0.032848712,0.971159695,False,up
WBGene00021497,4,1.0,GenX,0.027211851,0.971159695,False,up
WBGene00012794,4,1.0,GenX,0.02685625,0.971159695,False,up
WBGene00001574,4,1.0,GenX,0.019555046,0.971159695,False,up
WBGene00007877,4,1.0,GenX,0.016817631,0.971159695,False,up
WBGene00001748,4,0.8,GenX,0.014080576,0.971159695,False,up
WBGene00006460,4,1.0,GenX,-0.014044893,0.971159695,False,down
WBGene00006439,4,1.0,GenX,-0.023211418,0.971159695,False,down
WBGene00020096,4,0.9,GenX,-0.024182053,0.971159695,False,down
WBGene00011433,4,0.9666666666666667,GenX,-0.024557141,0.971159695,False,down
WBGene00001390,4,1.0,GenX,-0.032182177,0.971159695,False,down
WBGene00044640,4,1.0,GenX,-0.035166107,0.971159695,False,down
WBGene00010935,4,1.0,GenX,-0.045139942,0.971159695,False,down
WBGene00010174,4,1.0,GenX,-0.051881404,0.971159695,False,down
WBGene00011074,4,1.0,GenX,-0.074621932,0.971159695,False,down
WBGene00019006,4,1.0,GenX,-0.033733638,0.971161918,False,down
WBGene00006684,4,1.0,GenX,-0.07284777,0.971161918,False,down
WBGene00008953,4,0.5666666666666667,GenX,0.048003114,0.971234473,False,up
WBGene00015250,4,1.0,GenX,0.028996803,0.971234473,False,up
WBGene00017582,4,1.0,GenX,-0.053992831,0.971234473,False,down
WBGene00011931,4,1.0,GenX,0.05881888,0.971251737,False,up
WBGene00044283,4,1.0,GenX,0.055883913,0.971304832,False,up
WBGene00016138,4,1.0,GenX,0.0365912,0.971304832,False,up
WBGene00012289,4,1.0,GenX,0.027139067,0.971304832,False,up
WBGene00017692,4,1.0,GenX,-0.059613147,0.971304832,False,down
WBGene00011098,4,0.9666666666666667,GenX,-0.108946815,0.971304832,False,down
WBGene00009820,4,1.0,GenX,0.094664454,0.971789753,False,up
WBGene00020163,4,1.0,GenX,0.047733554,0.971789753,False,up
WBGene00012366,4,1.0,GenX,0.019641785,0.971789753,False,up
WBGene00000095,4,1.0,GenX,-0.016858764,0.971789753,False,down
WBGene00008878,4,1.0,GenX,-0.015061326,0.971989434,False,down
WBGene00004013,4,0.5666666666666667,GenX,-0.026458161,0.971989434,False,down
WBGene00007919,4,1.0,GenX,0.107401945,0.972118309,False,up
WBGene00007898,4,0.9666666666666667,GenX,0.039526401,0.972118309,False,up
WBGene00018621,4,1.0,GenX,0.09120796,0.972218359,False,up
WBGene00195183,4,1.0,GenX,-0.174139379,0.972218359,False,down
WBGene00017557,4,1.0,GenX,0.026017204,0.972355002,False,up
WBGene00019840,4,1.0,GenX,-0.050784572,0.972702469,False,down
WBGene00001476,4,1.0,GenX,0.044546704,0.972821766,False,up
WBGene00015497,4,1.0,GenX,-0.06641753,0.972821766,False,down
WBGene00008677,4,1.0,GenX,-0.085175433,0.972821766,False,down
WBGene00007544,4,1.0,GenX,-0.113148068,0.972821766,False,down
WBGene00006812,4,1.0,GenX,0.023210831,0.973011213,False,up
WBGene00017675,4,1.0,GenX,-0.023039869,0.973011213,False,down
WBGene00017353,4,1.0,GenX,-0.041494956,0.973011213,False,down
WBGene00013516,4,1.0,GenX,0.064699125,0.97316045,False,up
WBGene00018044,4,1.0,GenX,0.028202338,0.97316045,False,up
WBGene00004182,4,1.0,GenX,0.026220893,0.97316045,False,up
WBGene00012193,4,0.9,GenX,-0.026414821,0.97316045,False,down
WBGene00006823,4,1.0,GenX,-0.027896038,0.97316045,False,down
WBGene00005818,4,1.0,GenX,-0.092615205,0.97316045,False,down
WBGene00043995,4,0.7666666666666667,GenX,0.061649236,0.973574616,False,up
WBGene00002041,4,1.0,GenX,0.027295899,0.973574616,False,up
WBGene00004276,4,1.0,GenX,-0.018731759,0.973574616,False,down
WBGene00016488,4,1.0,GenX,0.063006313,0.973597361,False,up
WBGene00003753,4,1.0,GenX,0.028139341,0.974669685,False,up
WBGene00004879,4,1.0,GenX,-0.020725321,0.974669685,False,down
WBGene00017299,4,0.7,GenX,0.03491957,0.974770472,False,up
WBGene00002992,4,1.0,GenX,0.034735757,0.975131768,False,up
WBGene00004271,4,1.0,GenX,-0.02103659,0.975131768,False,down
WBGene00012554,4,1.0,GenX,-0.024742233,0.975267236,False,down
WBGene00008119,4,0.6666666666666666,GenX,0.014154576,0.975591727,False,up
WBGene00018415,4,1.0,GenX,0.036844861,0.975612768,False,up
WBGene00018214,4,0.8666666666666667,GenX,0.022304623,0.975729221,False,up
WBGene00019884,4,1.0,GenX,0.021595041,0.976183643,False,up
WBGene00008018,4,1.0,GenX,0.026955656,0.976729137,False,up
WBGene00007302,4,1.0,GenX,-0.035834357,0.976734651,False,down
WBGene00015809,4,1.0,GenX,0.021983743,0.977279889,False,up
WBGene00012435,4,0.9,GenX,-0.042266205,0.977279889,False,down
WBGene00010723,4,1.0,GenX,0.126600413,0.977624456,False,up
WBGene00016180,4,1.0,GenX,0.100907775,0.978220734,False,up
WBGene00007408,4,1.0,GenX,0.057589427,0.978220734,False,up
WBGene00003689,4,0.9666666666666667,GenX,0.050911335,0.978220734,False,up
WBGene00019300,4,1.0,GenX,0.04853149,0.978220734,False,up
WBGene00022500,4,1.0,GenX,0.02225984,0.978220734,False,up
WBGene00006331,4,1.0,GenX,0.019630401,0.978220734,False,up
WBGene00012100,4,1.0,GenX,0.018701827,0.978220734,False,up
WBGene00000366,4,1.0,GenX,0.01296887,0.978220734,False,up
WBGene00019289,4,0.9666666666666667,GenX,-0.021484014,0.978220734,False,down
WBGene00011146,4,1.0,GenX,-0.030558118,0.978220734,False,down
WBGene00004135,4,1.0,GenX,-0.031169666,0.978220734,False,down
WBGene00008139,4,0.5666666666666667,GenX,-0.069416461,0.978220734,False,down
WBGene00015433,4,1.0,GenX,-0.069539764,0.978301081,False,down
WBGene00003678,4,1.0,GenX,0.01816494,0.9789474,False,up
WBGene00015346,4,1.0,GenX,0.015918494,0.9789474,False,up
WBGene00019365,4,0.9333333333333333,GenX,-0.018834376,0.9789474,False,down
WBGene00010976,4,0.9333333333333333,GenX,-0.025223176,0.9789474,False,down
WBGene00009387,4,1.0,GenX,-0.048897035,0.9789474,False,down
WBGene00009750,4,0.9333333333333333,GenX,0.102115452,0.979318888,False,up
WBGene00020229,4,1.0,GenX,0.018724291,0.979318888,False,up
WBGene00016194,4,1.0,GenX,-0.014044457,0.979318888,False,down
WBGene00003575,4,1.0,GenX,0.035317864,0.979429335,False,up
WBGene00011692,4,1.0,GenX,0.046157464,0.979478428,False,up
WBGene00020030,4,0.9333333333333333,GenX,-0.023310621,0.979478428,False,down
WBGene00077764,4,0.9333333333333333,GenX,0.050200255,0.980622858,False,up
WBGene00012221,4,1.0,GenX,0.028796698,0.980622858,False,up
WBGene00015744,4,1.0,GenX,0.023219897,0.980622858,False,up
WBGene00008876,4,1.0,GenX,0.019989639,0.980622858,False,up
WBGene00004897,4,1.0,GenX,-0.012407921,0.980622858,False,down
WBGene00010871,4,1.0,GenX,-0.04339345,0.980622858,False,down
WBGene00013326,4,0.7666666666666667,GenX,0.019995402,0.980626743,False,up
WBGene00015232,4,0.9666666666666667,GenX,-0.022852648,0.981053992,False,down
WBGene00011328,4,1.0,GenX,0.026344944,0.981644004,False,up
WBGene00001160,4,1.0,GenX,-0.021729958,0.981644004,False,down
WBGene00009236,4,0.9666666666666667,GenX,0.109126276,0.981699435,False,up
WBGene00007764,4,1.0,GenX,0.037044176,0.981699435,False,up
WBGene00012421,4,1.0,GenX,0.013155107,0.981699435,False,up
WBGene00007551,4,1.0,GenX,-0.057982566,0.981699435,False,down
WBGene00021598,4,1.0,GenX,-0.084888613,0.981699435,False,down
WBGene00014159,4,0.6333333333333333,GenX,-0.025366326,0.981788349,False,down
WBGene00022324,4,1.0,GenX,0.138976741,0.982143142,False,up
WBGene00019890,4,0.9666666666666667,GenX,-0.015615934,0.982143142,False,down
WBGene00001184,4,1.0,GenX,-0.02046452,0.982143142,False,down
WBGene00010365,4,0.9333333333333333,GenX,-0.080009388,0.982143142,False,down
WBGene00001193,4,1.0,GenX,0.018589059,0.982218633,False,up
WBGene00016115,4,1.0,GenX,0.018134531,0.982370714,False,up
WBGene00021637,4,0.5333333333333333,GenX,-0.012692403,0.982370714,False,down
WBGene00018112,4,0.5333333333333333,GenX,-0.059461828,0.982626357,False,down
WBGene00021060,4,0.9666666666666667,GenX,-0.027365825,0.982749461,False,down
WBGene00005228,4,1.0,GenX,-0.147177647,0.982756081,False,down
WBGene00001439,4,1.0,GenX,0.018948151,0.982891439,False,up
WBGene00004928,4,0.9333333333333333,GenX,0.021449187,0.983366927,False,up
WBGene00008980,4,1.0,GenX,0.018990685,0.983366927,False,up
WBGene00002129,4,0.9666666666666667,GenX,0.017798002,0.983366927,False,up
WBGene00009667,4,0.5666666666666667,GenX,0.015686993,0.983366927,False,up
WBGene00015494,4,1.0,GenX,0.014687014,0.983366927,False,up
WBGene00001515,4,0.5666666666666667,GenX,0.014008961,0.983366927,False,up
WBGene00001519,4,1.0,GenX,-0.013769412,0.983366927,False,down
WBGene00021522,4,1.0,GenX,-0.014598902,0.983366927,False,down
WBGene00022048,4,1.0,GenX,-0.014880517,0.983366927,False,down
WBGene00002112,4,0.9333333333333333,GenX,-0.076521921,0.983366927,False,down
WBGene00012140,4,1.0,GenX,-0.040743952,0.983425037,False,down
WBGene00018788,4,1.0,GenX,-0.015809968,0.983863264,False,down
WBGene00004336,4,1.0,GenX,0.020608342,0.984186389,False,up
WBGene00016396,4,1.0,GenX,-0.020510621,0.984186389,False,down
WBGene00044615,4,0.7,GenX,-0.03170106,0.984381469,False,down
WBGene00012980,4,1.0,GenX,0.013207342,0.98448189,False,up
WBGene00011400,4,1.0,GenX,0.046901189,0.984513344,False,up
WBGene00020248,4,1.0,GenX,-0.030949206,0.984846553,False,down
WBGene00019381,4,1.0,GenX,0.027049243,0.985092236,False,up
WBGene00044686,4,1.0,GenX,0.017676922,0.985367139,False,up
WBGene00018164,4,0.9333333333333333,GenX,0.013003152,0.985367139,False,up
WBGene00019614,4,0.5666666666666667,GenX,0.046104779,0.985442658,False,up
WBGene00002184,4,1.0,GenX,0.020821605,0.985442658,False,up
WBGene00008211,4,1.0,GenX,-0.048363946,0.985442658,False,down
WBGene00001955,4,1.0,GenX,-0.014225068,0.985983446,False,down
WBGene00013869,4,1.0,GenX,0.027396603,0.986059402,False,up
WBGene00021439,4,1.0,GenX,0.020466521,0.986059402,False,up
WBGene00007416,4,1.0,GenX,-0.033137616,0.986059402,False,down
WBGene00006716,4,0.9333333333333333,GenX,-0.035927032,0.986059402,False,down
WBGene00012185,4,1.0,GenX,0.060822311,0.986133415,False,up
WBGene00021624,4,1.0,GenX,-0.110667483,0.986234643,False,down
WBGene00020297,4,1.0,GenX,0.02163043,0.987159506,False,up
WBGene00007075,4,0.9,GenX,0.018155721,0.987159506,False,up
WBGene00003966,4,1.0,GenX,0.017222105,0.987159506,False,up
WBGene00006941,4,0.5333333333333333,GenX,0.011920556,0.987159506,False,up
WBGene00021185,4,1.0,GenX,-0.020845159,0.987159506,False,down
WBGene00019055,4,1.0,GenX,-0.02361355,0.987159506,False,down
WBGene00044568,4,0.5333333333333333,GenX,-0.025784941,0.987159506,False,down
WBGene00007517,4,1.0,GenX,-0.075190871,0.987159506,False,down
WBGene00016330,4,0.9333333333333333,GenX,-0.022841392,0.987559947,False,down
WBGene00013603,4,1.0,GenX,0.017328373,0.988226435,False,up
WBGene00044348,4,1.0,GenX,0.046827349,0.988294976,False,up
WBGene00021176,4,0.6333333333333333,GenX,0.039818437,0.988294976,False,up
WBGene00021561,4,1.0,GenX,-0.012775745,0.988337543,False,down
WBGene00014198,4,1.0,GenX,-0.032285603,0.988337543,False,down
WBGene00271795,4,1.0,GenX,-0.034467389,0.988337543,False,down
WBGene00019733,4,1.0,GenX,-0.009193749,0.98851759,False,down
WBGene00010642,4,1.0,GenX,-0.022926906,0.98851759,False,down
WBGene00009466,4,0.8333333333333334,GenX,-0.019604256,0.98853882,False,down
WBGene00021862,4,1.0,GenX,-0.114577915,0.98853882,False,down
WBGene00009100,4,1.0,GenX,0.011249822,0.98885551,False,up
WBGene00019697,4,0.9666666666666667,GenX,0.007929765,0.98885551,False,up
WBGene00016929,4,0.9333333333333333,GenX,0.085429848,0.988872449,False,up
WBGene00000932,4,1.0,GenX,0.123847448,0.988996103,False,up
WBGene00019837,4,0.6333333333333333,GenX,0.018963216,0.988996103,False,up
WBGene00003388,4,0.9666666666666667,GenX,-0.017858066,0.988996103,False,down
WBGene00001059,4,1.0,GenX,-0.064559021,0.988996103,False,down
WBGene00019280,4,1.0,GenX,-0.029688174,0.989163511,False,down
WBGene00007200,4,1.0,GenX,0.022033938,0.989343661,False,up
WBGene00008576,4,1.0,GenX,0.014770372,0.989343661,False,up
WBGene00022233,4,1.0,GenX,0.01335829,0.989343661,False,up
WBGene00000553,4,1.0,GenX,-0.010871921,0.989343661,False,down
WBGene00011644,4,1.0,GenX,-0.02035209,0.989343661,False,down
WBGene00016404,4,1.0,GenX,0.013905231,0.989606738,False,up
WBGene00006392,4,1.0,GenX,0.012292658,0.989606738,False,up
WBGene00016167,4,1.0,GenX,-0.006858807,0.989606738,False,down
WBGene00002245,4,0.9333333333333333,GenX,-0.007922036,0.989606738,False,down
WBGene00008886,4,1.0,GenX,-0.056724189,0.989606738,False,down
WBGene00001535,4,1.0,GenX,0.02800459,0.989804468,False,up
WBGene00015434,4,1.0,GenX,0.01766846,0.989804468,False,up
WBGene00012182,4,1.0,GenX,0.013036134,0.989804468,False,up
WBGene00019160,4,1.0,GenX,0.010697095,0.989804468,False,up
WBGene00020777,4,1.0,GenX,-0.02014456,0.989804468,False,down
WBGene00007765,4,1.0,GenX,-0.109574426,0.989899361,False,down
WBGene00012128,4,1.0,GenX,0.026325259,0.990286281,False,up
WBGene00013144,4,1.0,GenX,0.011471937,0.990873373,False,up
WBGene00004036,4,1.0,GenX,-0.010716559,0.990873373,False,down
WBGene00004138,4,1.0,GenX,-0.014199619,0.990873373,False,down
WBGene00020170,4,1.0,GenX,-0.041329313,0.990873373,False,down
WBGene00021639,4,1.0,GenX,-0.036972382,0.990932698,False,down
WBGene00219288,4,1.0,GenX,-0.034881345,0.991235894,False,down
WBGene00018837,4,1.0,GenX,-0.00745182,0.991537117,False,down
WBGene00012819,4,1.0,GenX,0.02928458,0.991998187,False,up
WBGene00014053,4,1.0,GenX,0.122683373,0.992139595,False,up
WBGene00015776,4,1.0,GenX,0.027402544,0.992139595,False,up
WBGene00018561,4,0.9666666666666667,GenX,0.027264692,0.992139595,False,up
WBGene00011587,4,0.9666666666666667,GenX,0.026071663,0.992139595,False,up
WBGene00007345,4,1.0,GenX,0.023747708,0.992139595,False,up
WBGene00219316,4,1.0,GenX,0.02027876,0.992139595,False,up
WBGene00001560,4,1.0,GenX,0.018328363,0.992139595,False,up
WBGene00003038,4,0.9666666666666667,GenX,0.012889733,0.992139595,False,up
WBGene00017620,4,1.0,GenX,0.012672676,0.992139595,False,up
WBGene00016751,4,1.0,GenX,0.011422233,0.992139595,False,up
WBGene00003626,4,1.0,GenX,0.011389173,0.992139595,False,up
WBGene00004751,4,0.9666666666666667,GenX,0.008771293,0.992139595,False,up
WBGene00020114,4,1.0,GenX,-0.006652346,0.992139595,False,down
WBGene00019628,4,1.0,GenX,-0.007104195,0.992139595,False,down
WBGene00003003,4,0.6333333333333333,GenX,-0.00740729,0.992139595,False,down
WBGene00019612,4,0.9666666666666667,GenX,-0.009908823,0.992139595,False,down
WBGene00003721,4,1.0,GenX,-0.011002938,0.992139595,False,down
WBGene00010045,4,1.0,GenX,-0.019336063,0.992139595,False,down
WBGene00010290,4,1.0,GenX,-0.009584736,0.99301061,False,down
WBGene00009948,4,1.0,GenX,0.034466814,0.993671815,False,up
WBGene00020225,4,0.5333333333333333,GenX,0.034239582,0.993671815,False,up
WBGene00003778,4,1.0,GenX,0.032458129,0.993671815,False,up
WBGene00011097,4,1.0,GenX,0.022637543,0.993671815,False,up
WBGene00012116,4,0.7333333333333333,GenX,0.018200154,0.993671815,False,up
WBGene00001577,4,1.0,GenX,0.016636955,0.993671815,False,up
WBGene00000174,4,1.0,GenX,0.015961032,0.993671815,False,up
WBGene00013806,4,1.0,GenX,0.014719512,0.993671815,False,up
WBGene00016919,4,1.0,GenX,0.01431872,0.993671815,False,up
WBGene00022353,4,1.0,GenX,0.01357278,0.993671815,False,up
WBGene00007730,4,1.0,GenX,0.01178467,0.993671815,False,up
WBGene00010440,4,1.0,GenX,0.010423513,0.993671815,False,up
WBGene00008315,4,0.5666666666666667,GenX,0.01023231,0.993671815,False,up
WBGene00007421,4,1.0,GenX,0.010231435,0.993671815,False,up
WBGene00020031,4,1.0,GenX,0.009488954,0.993671815,False,up
WBGene00017489,4,0.5666666666666667,GenX,0.009255434,0.993671815,False,up
WBGene00008357,4,1.0,GenX,0.009003278,0.993671815,False,up
WBGene00009842,4,1.0,GenX,0.008366715,0.993671815,False,up
WBGene00013734,4,1.0,GenX,0.00825801,0.993671815,False,up
WBGene00022178,4,0.5666666666666667,GenX,0.008139775,0.993671815,False,up
WBGene00020407,4,1.0,GenX,0.00809048,0.993671815,False,up
WBGene00021253,4,1.0,GenX,0.00776833,0.993671815,False,up
WBGene00004345,4,1.0,GenX,0.007273595,0.993671815,False,up
WBGene00020721,4,0.8666666666666667,GenX,0.006921783,0.993671815,False,up
WBGene00017663,4,1.0,GenX,0.006519447,0.993671815,False,up
WBGene00021237,4,1.0,GenX,0.006482784,0.993671815,False,up
WBGene00014826,4,0.8333333333333334,GenX,0.006397709,0.993671815,False,up
WBGene00010730,4,1.0,GenX,0.006277674,0.993671815,False,up
WBGene00017039,4,1.0,GenX,0.006094941,0.993671815,False,up
WBGene00004862,4,1.0,GenX,0.006056592,0.993671815,False,up
WBGene00003858,4,1.0,GenX,0.005958956,0.993671815,False,up
WBGene00020827,4,1.0,GenX,0.005958808,0.993671815,False,up
WBGene00001462,4,1.0,GenX,0.005836029,0.993671815,False,up
WBGene00022393,4,0.9666666666666667,GenX,0.00564768,0.993671815,False,up
WBGene00008910,4,1.0,GenX,0.005526497,0.993671815,False,up
WBGene00012362,4,1.0,GenX,0.005218546,0.993671815,False,up
WBGene00021922,4,1.0,GenX,0.004999306,0.993671815,False,up
WBGene00013577,4,1.0,GenX,0.004543127,0.993671815,False,up
WBGene00017137,4,1.0,GenX,0.003205085,0.993671815,False,up
WBGene00012759,4,1.0,GenX,-0.002732272,0.993671815,False,down
WBGene00004095,4,1.0,GenX,-0.002892864,0.993671815,False,down
WBGene00006523,4,1.0,GenX,-0.002893315,0.993671815,False,down
WBGene00006755,4,1.0,GenX,-0.003232245,0.993671815,False,down
WBGene00003598,4,0.9666666666666667,GenX,-0.003634761,0.993671815,False,down
WBGene00000383,4,1.0,GenX,-0.003684318,0.993671815,False,down
WBGene00000832,4,0.9333333333333333,GenX,-0.00399672,0.993671815,False,down
WBGene00006833,4,1.0,GenX,-0.004703687,0.993671815,False,down
WBGene00018485,4,1.0,GenX,-0.004791012,0.993671815,False,down
WBGene00008522,4,0.9,GenX,-0.005123049,0.993671815,False,down
WBGene00001207,4,1.0,GenX,-0.005300122,0.993671815,False,down
WBGene00020208,4,1.0,GenX,-0.005363491,0.993671815,False,down
WBGene00019294,4,1.0,GenX,-0.005403939,0.993671815,False,down
WBGene00000485,4,0.5333333333333333,GenX,-0.005765468,0.993671815,False,down
WBGene00013632,4,0.9333333333333333,GenX,-0.006136639,0.993671815,False,down
WBGene00020209,4,1.0,GenX,-0.006162905,0.993671815,False,down
WBGene00003609,4,1.0,GenX,-0.006246031,0.993671815,False,down
WBGene00020736,4,1.0,GenX,-0.006790138,0.993671815,False,down
WBGene00020446,4,0.5666666666666667,GenX,-0.007272225,0.993671815,False,down
WBGene00013694,4,1.0,GenX,-0.007356019,0.993671815,False,down
WBGene00014021,4,1.0,GenX,-0.007968143,0.993671815,False,down
WBGene00003063,4,1.0,GenX,-0.008443346,0.993671815,False,down
WBGene00017814,4,0.9333333333333333,GenX,-0.008862291,0.993671815,False,down
WBGene00006762,4,1.0,GenX,-0.008963934,0.993671815,False,down
WBGene00010864,4,0.8,GenX,-0.009180313,0.993671815,False,down
WBGene00001512,4,0.9666666666666667,GenX,-0.009205697,0.993671815,False,down
WBGene00020595,4,1.0,GenX,-0.009549185,0.993671815,False,down
WBGene00003697,4,1.0,GenX,-0.009665054,0.993671815,False,down
WBGene00012364,4,1.0,GenX,-0.010148232,0.993671815,False,down
WBGene00010522,4,1.0,GenX,-0.010614961,0.993671815,False,down
WBGene00004157,4,0.7,GenX,-0.010763052,0.993671815,False,down
WBGene00006602,4,1.0,GenX,-0.012712256,0.993671815,False,down
WBGene00012668,4,1.0,GenX,-0.012936771,0.993671815,False,down
WBGene00045295,4,1.0,GenX,-0.014611098,0.993671815,False,down
WBGene00194692,4,1.0,GenX,-0.015647811,0.993671815,False,down
WBGene00010541,4,1.0,GenX,-0.01754383,0.993671815,False,down
WBGene00009985,4,1.0,GenX,-0.018023373,0.993671815,False,down
WBGene00007973,4,1.0,GenX,-0.018033093,0.993671815,False,down
WBGene00011592,4,1.0,GenX,-0.022159026,0.993671815,False,down
WBGene00020764,4,1.0,GenX,-0.022254236,0.993671815,False,down
WBGene00015402,4,1.0,GenX,-0.023848262,0.993671815,False,down
WBGene00007950,4,1.0,GenX,-0.025013543,0.993671815,False,down
WBGene00020219,4,1.0,GenX,-0.02519234,0.993671815,False,down
WBGene00007638,4,1.0,GenX,-0.032432451,0.993671815,False,down
WBGene00015371,4,1.0,GenX,-0.035822534,0.993671815,False,down
WBGene00017502,4,1.0,GenX,-0.04037432,0.993671815,False,down
WBGene00017659,4,1.0,GenX,-0.042073093,0.993671815,False,down
WBGene00010115,4,1.0,GenX,0.002745374,0.994476929,False,up
WBGene00015278,4,1.0,GenX,-0.004107336,0.994511339,False,down
WBGene00009386,4,1.0,GenX,-0.008732908,0.994511339,False,down
WBGene00001591,4,1.0,GenX,0.012166258,0.994578268,False,up
WBGene00010135,4,1.0,GenX,-0.008485669,0.994578268,False,down
WBGene00017951,4,0.9666666666666667,GenX,0.002211386,0.994637714,False,up
WBGene00018260,4,0.9,GenX,-0.004121129,0.994978901,False,down
WBGene00004119,4,1.0,GenX,-0.004843696,0.994978901,False,down
WBGene00018319,4,1.0,GenX,0.001909509,0.995053915,False,up
WBGene00011331,4,1.0,GenX,0.002631302,0.995058598,False,up
WBGene00017274,4,1.0,GenX,0.00191017,0.995648249,False,up
WBGene00004173,4,1.0,GenX,-0.003646511,0.996210759,False,down
WBGene00012644,4,0.7333333333333333,GenX,-0.002685151,0.996384705,False,down
WBGene00016768,4,0.7333333333333333,GenX,0.002376574,0.997006035,False,up
WBGene00007054,4,1.0,GenX,0.001840926,0.997006035,False,up
WBGene00000100,4,0.9666666666666667,GenX,0.001354467,0.997006035,False,up
WBGene00009957,4,0.9666666666666667,GenX,0.005528421,0.997221167,False,up
WBGene00010407,4,1.0,GenX,0.001828829,0.997221167,False,up
WBGene00004227,4,1.0,GenX,-0.00193238,0.997221167,False,down
WBGene00022356,4,1.0,GenX,0.00758942,0.997393804,False,up
WBGene00007745,4,1.0,GenX,0.002070482,0.997393804,False,up
WBGene00016842,4,1.0,GenX,-0.003243776,0.997393804,False,down
WBGene00015811,4,1.0,GenX,-0.001919508,0.997528476,False,down
WBGene00021855,4,1.0,GenX,0.001376636,0.997992448,False,up
WBGene00022078,4,1.0,GenX,0.00151576,0.998160664,False,up
WBGene00008317,4,1.0,GenX,0.001342212,0.998160664,False,up
WBGene00018607,4,1.0,GenX,0.001609639,0.998208873,False,up
WBGene00003978,4,0.9666666666666667,GenX,-0.000800036,0.998208873,False,down
WBGene00014081,4,1.0,GenX,0.001373303,0.998245832,False,up
WBGene00008343,4,1.0,GenX,-0.000805242,0.998346021,False,down
WBGene00016044,4,1.0,GenX,-0.000525005,0.998935729,False,down
WBGene00002078,4,1.0,GenX,-0.000113728,0.999565466,False,down
