module,namespace,GO_id,term,enrichment,p_raw,study_count,study_n,pop_count,pop_n,p_fdr_bh_family
0,BP,GO:0050794,regulation of cellular process,e,2.188922977603231e-12,401,809,2318,6061,6.73484694716137e-10
0,BP,GO:0065007,biological regulation,e,2.3193515199916398e-12,438,809,2587,6061,7.085536647066658e-10
0,BP,GO:0050789,regulation of biological process,e,2.8342793405080548e-12,421,809,2465,6061,8.33018906643368e-10
0,BP,GO:0006914,autophagy,e,2.2666323219382497e-11,30,809,62,6061,5.516112274999441e-09
0,BP,GO:0061919,process utilizing autophagic mechanism,e,2.2666323219382497e-11,30,809,62,6061,5.516112274999441e-09
0,BP,GO:0006355,regulation of DNA-templated transcription,e,5.81838940131794e-09,136,809,641,6061,8.983051020135135e-07
0,BP,GO:2001141,regulation of RNA biosynthetic process,e,6.02485780883957e-09,136,809,642,6061,9.202863479282428e-07
0,BP,GO:0070887,cellular response to chemical stimulus,e,6.682247656085302e-09,27,809,63,6061,1.0135134429080083e-06
0,BP,GO:0007165,signal transduction,e,9.136565825566857e-09,169,809,850,6061,1.334093467580652e-06
0,BP,GO:0019219,regulation of nucleobase-containing compound metabolic process,e,9.875722971161565e-09,152,809,745,6061,1.417989223275948e-06
0,BP,GO:0051252,regulation of RNA metabolic process,e,1.2655016521965556e-08,145,809,705,6061,1.775618360533115e-06
0,BP,GO:0019222,regulation of metabolic process,e,2.2543307176675205e-08,211,809,1133,6061,2.9248583031183265e-06
0,BP,GO:0016236,macroautophagy,e,3.866786663165659e-08,22,809,48,6061,4.786259641260367e-06
0,BP,GO:0007218,neuropeptide signaling pathway,e,6.146306196020885e-08,22,809,49,6061,7.155463226854044e-06
0,BP,GO:0000422,autophagy of mitochondrion,e,1.0954590246385659e-07,16,809,29,6061,1.2037473848547506e-05
0,CC,GO:0005576,extracellular region,e,6.113707804057816e-10,92,849,373,6468,1.1449911463469149e-07
0,CC,GO:0030424,axon,e,7.674250403118521e-06,36,849,129,6468,0.0005238800889292081
0,CC,GO:0000151,ubiquitin ligase complex,e,7.476474544176985e-05,25,849,86,6468,0.0037977493041323543
0,CC,GO:0031588,nucleotide-activated protein kinase complex,e,0.00011128623151539574,6,849,8,6468,0.005285175769047047
0,CC,GO:0099503,secretory vesicle,e,0.00011970732628202268,15,849,41,6468,0.005610873862457157
0,CC,GO:0000407,phagophore assembly site,e,0.00012331793759644364,8,849,14,6468,0.005736414861735216
0,CC,GO:0043005,neuron projection,e,0.00013563634087607136,55,849,255,6468,0.0062273434355805905
0,CC,GO:0120025,plasma membrane bounded cell projection,e,0.00016750689391734143,68,849,335,6468,0.007446191388534038
0,CC,GO:0005776,autophagosome,e,0.00017785211405318738,9,849,18,6468,0.0078093576073812905
0,CC,GO:0005886,plasma membrane,e,0.00019940732109946545,164,849,968,6468,0.008633163561394505
0,CC,GO:0042995,cell projection,e,0.00025326686206355377,68,849,339,6468,0.010514596629072583
0,CC,GO:0098793,presynapse,e,0.0002849101636158747,13,849,35,6468,0.011530983662157716
0,CC,GO:0034045,phagophore assembly site membrane,e,0.00028478409441085587,7,849,12,6468,0.011530983662157716
0,CC,GO:0030670,phagocytic vesicle membrane,e,0.00029671532331218727,6,849,9,6468,0.011812396073634443
0,CC,GO:0030666,endocytic vesicle membrane,e,0.00029671532331218727,6,849,9,6468,0.011812396073634443
0,MF,GO:0003700,DNA-binding transcription factor activity,e,3.112722311747512e-13,100,816,365,6060,1.1971474426653938e-10
0,MF,GO:0140110,transcription regulator activity,e,5.252292451485491e-12,112,816,445,6060,1.469107125634659e-09
0,MF,GO:0043565,sequence-specific DNA binding,e,7.066228491544654e-11,103,816,413,6060,1.56895769213034e-08
0,MF,GO:0000987,cis-regulatory region sequence-specific DNA binding,e,3.354429902850613e-09,71,816,265,6060,5.432032634033464e-07
0,MF,GO:0000978,RNA polymerase II cis-regulatory region sequence-specific DNA binding,e,4.956435703367755e-09,70,816,262,6060,7.707525917782167e-07
0,MF,GO:0008270,zinc ion binding,e,1.9609590842120073e-08,91,816,385,6060,2.615118035679016e-06
0,MF,GO:0000977,RNA polymerase II transcription regulatory region sequence-specific DNA binding,e,5.5253966784071415e-08,75,816,303,6060,6.50290879569365e-06
0,MF,GO:0043169,cation binding,e,7.096355738948949e-08,157,816,791,6060,8.15134729213936e-06
0,MF,GO:0046872,metal ion binding,e,1.1795215951013524e-07,152,816,765,6060,1.28954042408606e-05
0,MF,GO:0001067,transcription regulatory region nucleic acid binding,e,1.2799280404381548e-07,77,816,320,6060,1.3748852953085667e-05
0,MF,GO:0000976,transcription cis-regulatory region binding,e,1.2799280404381548e-07,77,816,320,6060,1.3748852953085667e-05
0,MF,GO:0098772,molecular function regulator activity,e,2.4747106639225517e-07,81,816,347,6060,2.5260227926176284e-05
0,MF,GO:0000981,"DNA-binding transcription factor activity, RNA polymerase II-specific",e,4.3791402804032494e-07,57,816,218,6060,4.229405102654035e-05
0,MF,GO:0005543,phospholipid binding,e,6.687746827753456e-07,26,816,71,6060,6.181860399259229e-05
0,MF,GO:1990837,sequence-specific double-stranded DNA binding,e,7.591967921968671e-07,77,816,331,6060,6.841506657715491e-05
1,BP,GO:0090304,nucleic acid metabolic process,e,2.9443708745625585e-43,320,1445,692,6061,6.34143877108911e-39
1,BP,GO:0016070,RNA metabolic process,e,1.2757846848000218e-40,260,1445,528,6061,1.0990885059552187e-36
1,BP,GO:0043170,macromolecule metabolic process,e,4.556065119287342e-36,544,1445,1504,6061,2.803607214475747e-32
1,BP,GO:0006396,RNA processing,e,7.624565122999845e-33,194,1445,379,6061,2.526370328255525e-29
1,BP,GO:0006139,nucleobase-containing compound metabolic process,e,1.6180849891906598e-31,362,1445,910,6061,4.646600727292511e-28
1,BP,GO:0009987,cellular process,e,1.1709294649669008e-23,1345,1445,5180,6061,1.1729717838011456e-20
1,BP,GO:0071840,cellular component organization or biogenesis,e,9.032159808077973e-17,424,1445,1292,6061,4.987952355550752e-14
1,BP,GO:0016071,mRNA metabolic process,e,1.9260207133410592e-16,99,1445,196,6061,1.0242387929279769e-13
1,BP,GO:0006413,translational initiation,e,1.8492775134132382e-15,34,1445,41,6061,8.950295380929803e-13
1,BP,GO:0022618,protein-RNA complex assembly,e,1.962258400645813e-15,52,1445,79,6061,9.391586734202044e-13
1,BP,GO:0022402,cell cycle process,e,2.5744344246756653e-15,128,1445,287,6061,1.1924060520742397e-12
1,BP,GO:0016043,cellular component organization,e,3.656883713561478e-15,405,1445,1245,6061,1.6757475102304325e-12
1,BP,GO:0006457,protein folding,e,1.4602764617965382e-14,60,1445,101,6061,6.4185110808046815e-12
1,BP,GO:1903047,mitotic cell cycle process,e,1.9262565938176646e-14,92,1445,187,6061,8.381161896837971e-12
1,BP,GO:0071826,protein-RNA complex organization,e,1.9716661244843106e-14,52,1445,82,6061,8.492951831216169e-12
1,CC,GO:0032991,protein-containing complex,e,5.945301099121711e-45,665,1581,1804,6468,2.560938448446677e-40
1,CC,GO:0140513,nuclear protein-containing complex,e,8.183319624509722e-32,240,1581,506,6468,2.517832091612545e-28
1,CC,GO:1990904,ribonucleoprotein complex,e,1.0785251939128205e-27,192,1581,391,6468,1.6019818181998186e-24
1,CC,GO:0098798,mitochondrial protein-containing complex,e,1.9553837557434097e-21,72,1581,106,6468,1.6845631055729474e-18
1,CC,GO:0043229,intracellular organelle,e,2.530962919950698e-18,955,1581,3290,6468,1.7034566840136924e-15
1,CC,GO:0043232,intracellular membraneless organelle,e,4.763726140542772e-17,314,1581,865,6468,2.7729392365389174e-14
1,CC,GO:0043228,membraneless organelle,e,4.763726140542772e-17,314,1581,865,6468,2.7729392365389174e-14
1,CC,GO:0005730,nucleolus,e,5.473200760958355e-16,88,1581,164,6468,2.875099058271721e-13
1,CC,GO:0043226,organelle,e,2.3884197963226037e-15,959,1581,3365,6468,1.1182737252890885e-12
1,CC,GO:0005762,mitochondrial large ribosomal subunit,e,3.8869409928414846e-13,28,1581,33,6468,1.418898163276669e-10
1,CC,GO:0000315,organellar large ribosomal subunit,e,3.8869409928414846e-13,28,1581,33,6468,1.418898163276669e-10
1,CC,GO:1902494,catalytic complex,e,2.58948208433401e-12,230,1581,635,6468,7.855066252301934e-10
1,CC,GO:0140534,endoplasmic reticulum protein-containing complex,e,1.2113645156485947e-10,32,1581,46,6468,2.549203993885631e-08
1,CC,GO:0005681,spliceosomal complex,e,1.7717951547121844e-10,54,1581,100,6468,3.617065226977599e-08
1,CC,GO:0099080,supramolecular complex,e,2.1532227659619863e-10,120,1581,293,6468,4.3544634105076316e-08
1,MF,GO:0003723,RNA binding,e,9.51020929439956e-43,238,1371,475,6060,1.365507551187537e-38
1,MF,GO:0140640,"catalytic activity, acting on a nucleic acid",e,2.8340983397151073e-28,163,1371,329,6060,4.695337922431855e-25
1,MF,GO:0140098,"catalytic activity, acting on RNA",e,5.726524757399711e-24,122,1371,233,6060,6.016342778658355e-21
1,MF,GO:0003676,nucleic acid binding,e,5.909444685363436e-17,372,1371,1156,6060,3.349333287131974e-14
1,MF,GO:0016853,isomerase activity,e,6.281626228920888e-16,94,1371,193,6060,3.2212029739377055e-13
1,MF,GO:0003743,translation initiation factor activity,e,1.267518458875378e-15,33,1371,40,6060,6.204358820006467e-13
1,MF,GO:0180051,translation factor activity,e,6.95231838095574e-14,39,1371,56,6060,2.7987954603707337e-11
1,MF,GO:0140101,"catalytic activity, acting on a tRNA",e,1.3746651769129282e-12,47,1371,79,6060,4.554900191963414e-10
1,MF,GO:0004386,helicase activity,e,7.548888494901605e-12,42,1371,69,6060,2.0844126404992734e-09
1,MF,GO:0120545,nucleic acid conformation isomerase activity,e,1.412006470256988e-11,44,1371,75,6060,3.5989454855810505e-09
1,MF,GO:0120543,macromolecular conformation isomerase activity,e,7.042423023325922e-11,58,1371,116,6060,1.56895769213034e-08
1,MF,GO:0016887,ATP hydrolysis activity,e,4.4348340832895293e-10,81,1371,189,6060,8.528146345432879e-08
1,MF,GO:0005488,binding,e,1.6688724835016765e-09,902,1371,3561,6060,2.9103919929892597e-07
1,MF,GO:0017111,ribonucleoside triphosphate phosphatase activity,e,2.2419516301705027e-09,112,1371,297,6060,3.8474926880316494e-07
1,MF,GO:0003724,RNA helicase activity,e,5.959852009901639e-09,28,1371,44,6060,9.135965314110787e-07
2,BP,GO:0006412,translation,e,3.7936523488572005e-18,94,1596,161,6061,2.4389787302540884e-15
2,BP,GO:0044238,primary metabolic process,e,5.960769569443779e-16,723,1596,2232,6061,3.0934957735396483e-13
2,BP,GO:0002181,cytoplasmic translation,e,4.190881900409293e-15,32,1596,36,6061,1.9002340827382134e-12
2,BP,GO:0009058,biosynthetic process,e,2.9362597860752526e-14,307,1596,817,6061,1.2279552454872962e-11
2,BP,GO:0008152,metabolic process,e,1.5660918263432534e-13,808,1596,2590,6061,6.188936277039966e-11
2,BP,GO:0009059,macromolecule biosynthetic process,e,3.5495042699248525e-13,172,1596,405,6061,1.3411833019913425e-10
2,BP,GO:0043170,macromolecule metabolic process,e,8.221857407961844e-12,499,1596,1504,6061,2.2414968851136483e-09
2,BP,GO:0045333,cellular respiration,e,4.609393531567856e-11,35,1596,49,6061,1.0732412236339752e-08
2,BP,GO:0009060,aerobic respiration,e,1.2730909277805068e-10,34,1596,48,6061,2.6491976673500158e-08
2,BP,GO:0009987,cellular process,e,2.814248443692477e-10,1438,1596,5180,6061,5.6122107274098825e-08
2,BP,GO:0022904,respiratory electron transport chain,e,2.2208398516010043e-09,32,1596,47,6061,3.82650706430853e-07
2,BP,GO:0019646,aerobic electron transport chain,e,2.5437205370245688e-09,31,1596,45,6061,4.2980944670791653e-07
2,BP,GO:0022900,electron transport chain,e,1.0779736907390862e-08,32,1596,49,6061,1.5366292362081054e-06
2,BP,GO:0006754,ATP biosynthetic process,e,1.2821421445534021e-08,17,1596,19,6061,1.787322746816757e-06
2,BP,GO:0009206,purine ribonucleoside triphosphate biosynthetic process,e,1.958308151308755e-08,18,1596,21,6061,2.615118035679016e-06
2,CC,GO:0022625,cytosolic large ribosomal subunit,e,6.516660322353541e-25,46,1692,48,6468,7.386977457509968e-22
2,CC,GO:0005840,ribosome,e,3.049588814183081e-23,83,1692,120,6468,2.7949157057646e-20
2,CC,GO:0022627,cytosolic small ribosomal subunit,e,2.7916098095871667e-18,30,1692,30,6468,1.8499783468918033e-15
2,CC,GO:0044391,ribosomal subunit,e,3.5732855062845246e-18,85,1692,140,6468,2.3321101997455438e-15
2,CC,GO:0032991,protein-containing complex,e,1.2227665766595588e-15,601,1692,1804,6468,6.054100033288562e-13
2,CC,GO:0098803,respiratory chain complex,e,1.3666240492583e-12,47,1692,71,6468,4.554900191963414e-10
2,CC,GO:0015934,large ribosomal subunit,e,5.7757640357420216e-11,50,1692,83,6468,1.3025708682700922e-08
2,CC,GO:0015935,small ribosomal subunit,e,1.9806049349436234e-08,35,1692,57,6468,2.633165357181993e-06
2,CC,GO:0019866,organelle inner membrane,e,3.805391970884425e-08,77,1692,169,6468,4.734376739149025e-06
2,CC,GO:0043229,intracellular organelle,e,3.935292876490523e-08,958,1692,3290,6468,4.8570985860982594e-06
2,CC,GO:1990904,ribonucleoprotein complex,e,1.0442324739796838e-07,149,1692,391,6468,1.1563062677808453e-05
2,CC,GO:0005743,mitochondrial inner membrane,e,1.088186725327587e-07,72,1692,158,6468,1.1988144039254683e-05
2,CC,GO:0031966,mitochondrial membrane,e,1.7835132245250335e-07,88,1692,206,6468,1.8512007746124294e-05
2,CC,GO:1902494,catalytic complex,e,2.5594438571155884e-07,222,1692,635,6468,2.6001897204069334e-05
2,CC,GO:1990204,oxidoreductase complex,e,3.92304595214549e-07,42,1692,79,6468,3.849321284479886e-05
2,MF,GO:0003735,structural constituent of ribosome,e,2.2175527963910462e-20,89,1555,144,6060,1.768909013047117e-17
2,MF,GO:0015078,proton transmembrane transporter activity,e,1.8690180102503767e-10,41,1555,65,6060,3.79754484865731e-08
2,MF,GO:0015252,proton channel activity,e,5.410468318258333e-07,16,1555,20,6060,5.088557266571566e-05
2,MF,GO:0005198,structural molecule activity,e,9.553130735396215e-07,135,1555,366,6060,8.449714711030635e-05
2,MF,GO:0046933,"proton-transporting ATP synthase activity, rotational mechanism",e,4.201151915335881e-06,12,1555,14,6060,0.0003067196928018526
2,MF,GO:0009055,electron transfer activity,e,0.0002840987611982715,15,1555,25,6060,0.011530983662157716
2,MF,GO:0042162,telomeric repeat DNA binding,e,0.0014166691807903562,8,1555,11,6060,0.042465570607198744
2,MF,GO:0009922,fatty acid elongase activity,e,0.0015488281690774542,6,1555,7,6060,0.04557088345834108
3,BP,GO:0007186,G protein-coupled receptor signaling pathway,e,1.9170382789420729e-19,103,1469,190,6061,1.39960040449881e-16
3,BP,GO:0007165,signal transduction,e,2.2656803087344905e-17,308,1469,850,6061,1.3554747124824748e-14
3,BP,GO:0044782,cilium organization,e,1.2962015049239645e-14,40,1469,54,6061,5.7560700850102855e-12
3,BP,GO:0060271,cilium assembly,e,4.0460474763957906e-14,39,1469,53,6061,1.6758028369783527e-11
3,BP,GO:0120031,plasma membrane bounded cell projection assembly,e,2.1403019014845517e-13,41,1469,59,6061,8.305721117697934e-11
3,BP,GO:0030031,cell projection assembly,e,1.008441879558926e-11,42,1469,66,6061,2.6813971581481937e-09
3,BP,GO:0065007,biological regulation,e,3.421906889107838e-10,731,1469,2587,6061,6.761405470106427e-08
3,BP,GO:0050794,regulation of cellular process,e,4.4168314900560435e-10,664,1469,2318,6061,8.528146345432879e-08
3,BP,GO:0006805,xenobiotic metabolic process,e,5.099293881100505e-10,27,1469,37,6061,9.719118757893993e-08
3,BP,GO:0050789,regulation of biological process,e,2.160269379084332e-09,696,1469,2465,6061,3.7370925102031165e-07
3,BP,GO:0006355,regulation of DNA-templated transcription,e,4.144075296872218e-09,218,1469,641,6061,6.685619603474562e-07
3,BP,GO:2001141,regulation of RNA biosynthetic process,e,4.296447728932332e-09,218,1469,642,6061,6.854425404583711e-07
3,BP,GO:0050877,nervous system process,e,5.078606351936871e-09,54,1469,108,6061,7.869099590276286e-07
3,BP,GO:0007606,sensory perception of chemical stimulus,e,1.8160289242920752e-08,27,1469,41,6061,2.452208335858343e-06
3,BP,GO:0051252,regulation of RNA metabolic process,e,1.4801662906969953e-07,229,1469,705,6061,1.5588792902634003e-05
3,CC,GO:0120025,plasma membrane bounded cell projection,e,2.1539063143774504e-17,151,1577,335,6468,1.3067537252367419e-14
3,CC,GO:0042995,cell projection,e,6.863921935884976e-17,151,1577,339,6468,3.8397849011460434e-14
3,CC,GO:0005886,plasma membrane,e,1.1042614669408547e-16,342,1577,968,6468,6.021020593478141e-14
3,CC,GO:0005929,cilium,e,1.0728160763236647e-13,57,1577,95,6468,4.2788474525594315e-11
3,CC,GO:0016020,membrane,e,2.4602757608370403e-10,692,1577,2402,6468,4.9291338789793256e-08
3,CC,GO:0043005,neuron projection,e,3.490937513793056e-10,107,1577,255,6468,6.866307461490223e-08
3,CC,GO:0098794,postsynapse,e,6.964752754172084e-07,22,1577,34,6468,6.356074679787341e-05
3,CC,GO:0097730,non-motile cilium,e,8.852928550102541e-07,28,1577,49,6468,7.91161612646612e-05
3,CC,GO:0036064,ciliary basal body,e,3.917071439698757e-06,18,1577,27,6468,0.0002874409748978262
3,CC,GO:0043025,neuronal cell body,e,2.2157493798482083e-05,41,1577,92,6468,0.0013732863962152744
3,CC,GO:0030992,intraciliary transport particle B,e,2.3387202426098238e-05,9,1577,10,6468,0.001428941481566215
3,CC,GO:0044297,cell body,e,2.344103269117604e-05,43,1577,98,6468,0.0014302018175246572
3,CC,GO:0030425,dendrite,e,2.9063847649629493e-05,38,1577,84,6468,0.001723002646322733
3,CC,GO:0060170,ciliary membrane,e,3.0227631417018603e-05,11,1577,14,6468,0.0017739171979401585
3,CC,GO:0110165,cellular anatomical structure,e,3.48932328738283e-05,1552,1577,6269,6468,0.001993403191034687
3,MF,GO:0038023,signaling receptor activity,e,5.1430329851616183e-26,167,1537,320,6060,6.923004557369897e-23
3,MF,GO:0060089,molecular transducer activity,e,5.1430329851616183e-26,167,1537,320,6060,6.923004557369897e-23
3,MF,GO:0004888,transmembrane signaling receptor activity,e,2.6255344998232087e-24,133,1537,239,6060,2.8273724644971177e-21
3,MF,GO:0004930,G protein-coupled receptor activity,e,2.6987671529717656e-21,82,1537,126,6060,2.279399904201153e-18
3,MF,GO:0003700,DNA-binding transcription factor activity,e,3.965670020165578e-18,167,1537,365,6060,2.512077001744592e-15
3,MF,GO:0046914,transition metal ion binding,e,5.3854322008593924e-14,206,1537,518,6060,2.1884669061511163e-11
3,MF,GO:0020037,heme binding,e,7.338309332483556e-13,68,1537,122,6060,2.590964545055157e-10
3,MF,GO:0046906,tetrapyrrole binding,e,7.652216425388579e-13,69,1537,125,6060,2.679831077427748e-10
3,MF,GO:0000977,RNA polymerase II transcription regulatory region sequence-specific DNA binding,e,1.4310281688737614e-12,132,1537,303,6060,4.705460944598265e-10
3,MF,GO:0043565,sequence-specific DNA binding,e,1.7591476895962478e-12,168,1537,413,6060,5.740552024951391e-10
3,MF,GO:0140110,transcription regulator activity,e,1.9969265963462884e-12,178,1537,445,6060,6.371675047230843e-10
3,MF,GO:0000976,transcription cis-regulatory region binding,e,3.1821899116433706e-12,137,1537,320,6060,9.077670890333654e-10
3,MF,GO:0001067,transcription regulatory region nucleic acid binding,e,3.1821899116433706e-12,137,1537,320,6060,9.077670890333654e-10
3,MF,GO:0046872,metal ion binding,e,2.0519831194834913e-11,272,1537,765,6060,5.0508098783857936e-09
3,MF,GO:0000987,cis-regulatory region sequence-specific DNA binding,e,2.5593350934009755e-11,116,1537,265,6060,6.193447143159946e-09
4,BP,GO:0140546,defense response to symbiont,e,7.599461611994789e-34,105,742,251,6061,3.637186765963062e-30
4,BP,GO:0045087,innate immune response,e,7.599461611994789e-34,105,742,251,6061,3.637186765963062e-30
4,BP,GO:0006955,immune response,e,1.5016489923131388e-33,107,742,261,6061,6.468353034388845e-30
4,BP,GO:0098542,defense response to other organism,e,1.7704779681870443e-33,105,742,253,6061,6.933030770877903e-30
4,BP,GO:0002376,immune system process,e,5.102880966275889e-33,107,742,264,6061,1.8317216468527827e-29
4,BP,GO:0006952,defense response,e,2.5531322243953254e-31,124,742,351,6061,6.87351066036429e-28
4,BP,GO:0044419,biological process involved in interspecies interaction between organisms,e,8.344246014141328e-31,123,742,350,6061,1.6337654411778986e-27
4,BP,GO:0043207,response to external biotic stimulus,e,8.344246014141328e-31,123,742,350,6061,1.6337654411778986e-27
4,BP,GO:0051707,response to other organism,e,8.344246014141328e-31,123,742,350,6061,1.6337654411778986e-27
4,BP,GO:0009607,response to biotic stimulus,e,8.344246014141328e-31,123,742,350,6061,1.6337654411778986e-27
4,BP,GO:0009605,response to external stimulus,e,3.762873633636979e-28,124,742,375,6061,6.003177102552329e-25
4,BP,GO:0006950,response to stress,e,3.643183329180444e-13,172,742,844,6061,1.3528458784866173e-10
4,BP,GO:0050896,response to stimulus,e,3.517382307482298e-11,190,742,1010,6061,8.324793565648351e-09
4,BP,GO:0050829,defense response to Gram-negative bacterium,e,4.194898615791445e-09,38,742,116,6061,6.742360368478227e-07
4,BP,GO:0009617,response to bacterium,e,1.0844696176605085e-08,47,742,165,6061,1.5366292362081054e-06
4,CC,GO:0000786,nucleosome,e,5.498426399325878e-22,42,769,70,6468,4.833565656142086e-19
4,CC,GO:0032993,protein-DNA complex,e,8.64477181455647e-20,42,769,77,6468,6.420233550207241e-17
4,CC,GO:0005694,chromosome,e,2.434587781953971e-06,48,769,204,6468,0.00019086462011763374
4,CC,GO:0005764,lysosome,e,5.2035505155773154e-05,24,769,85,6468,0.0027671967710925045
4,CC,GO:0005777,peroxisome,e,6.127592312000593e-05,17,769,52,6468,0.0031916086921333197
4,CC,GO:0042579,microbody,e,6.127592312000593e-05,17,769,52,6468,0.0031916086921333197
4,CC,GO:0000323,lytic vacuole,e,7.340465079024487e-05,24,769,88,6468,0.0037374767527066166
4,CC,GO:0005773,vacuole,e,9.985391131146865e-05,30,769,123,6468,0.00481658144427941
4,CC,GO:0005576,extracellular region,e,0.00013497890438010082,69,769,373,6468,0.006205140134656182
4,CC,GO:0016020,membrane,e,0.00025256272503627983,332,769,2402,6468,0.010514596629072583
4,CC,GO:0031903,microbody membrane,e,0.00032542949558130474,10,769,25,6468,0.012628716686634867
4,CC,GO:0005778,peroxisomal membrane,e,0.00032542949558130474,10,769,25,6468,0.012628716686634867
4,CC,GO:0031907,microbody lumen,e,0.000887585807184881,7,769,15,6468,0.028942285120733345
4,CC,GO:0005782,peroxisomal matrix,e,0.000887585807184881,7,769,15,6468,0.028942285120733345
4,MF,GO:0030527,structural constituent of chromatin,e,1.255535597238871e-20,41,781,67,6060,1.0400422279050839e-17
4,MF,GO:0046982,protein heterodimerization activity,e,1.1879709820902296e-16,40,781,77,6060,6.39648125669208e-14
4,MF,GO:0046983,protein dimerization activity,e,1.3244859183089003e-12,47,781,125,6060,4.457205541496553e-10
4,MF,GO:0015020,glucuronosyltransferase activity,e,7.141161585555754e-08,26,781,67,6060,8.180998279197184e-06
4,MF,GO:0016491,oxidoreductase activity,e,4.812978615250255e-07,92,781,433,6060,4.576579555229685e-05
4,MF,GO:0016757,glycosyltransferase activity,e,2.024368872591974e-06,46,781,178,6060,0.00016329529810280767
4,MF,GO:0016758,hexosyltransferase activity,e,3.4848146428210574e-06,39,781,144,6060,0.00026060484503388374
4,MF,GO:0008194,UDP-glycosyltransferase activity,e,9.049146663319552e-06,32,781,111,6060,0.0006062083865046496
4,MF,GO:0003824,catalytic activity,e,2.2986763279154704e-05,416,781,2799,6060,0.0014104769633185028
4,MF,GO:0004553,"hydrolase activity, hydrolyzing O-glycosyl compounds",e,4.362134377298518e-05,20,781,61,6060,0.002390571734123838
4,MF,GO:0016798,"hydrolase activity, acting on glycosyl bonds",e,0.0001512024172280371,20,781,66,6060,0.00681280765909801
4,MF,GO:0061783,peptidoglycan muralytic activity,e,0.00025301745703191434,7,781,12,6060,0.010514596629072583
4,MF,GO:0003796,lysozyme activity,e,0.00025301745703191434,7,781,12,6060,0.010514596629072583
4,MF,GO:0004197,cysteine-type endopeptidase activity,e,0.0007924122761064147,13,781,39,6060,0.026480340413719015
