,module
WBGene00000003,2
WBGene00000008,0
WBGene00000009,0
WBGene00000010,2
WBGene00000016,4
WBGene00000017,4
WBGene00000020,3
WBGene00000022,0
WBGene00000038,2
WBGene00000039,1
WBGene00000040,2
WBGene00000043,0
WBGene00000044,0
WBGene00000046,0
WBGene00000063,1
WBGene00000065,2
WBGene00000067,2
WBGene00000068,0
WBGene00000081,3
WBGene00000088,3
WBGene00000090,3
WBGene00000094,0
WBGene00000098,1
WBGene00000099,1
WBGene00000110,3
WBGene00000111,0
WBGene00000114,0
WBGene00000116,0
WBGene00000118,2
WBGene00000120,2
WBGene00000133,0
WBGene00000135,0
WBGene00000136,2
WBGene00000138,3
WBGene00000155,1
WBGene00000172,2
WBGene00000175,0
WBGene00000176,0
WBGene00000178,0
WBGene00000179,1
WBGene00000181,0
WBGene00000182,1
WBGene00000188,4
WBGene00000190,0
WBGene00000197,1
WBGene00000198,2
WBGene00000203,2
WBGene00000204,2
WBGene00000211,3
WBGene00000212,0
WBGene00000215,2
WBGene00000216,3
WBGene00000218,2
WBGene00000219,3
WBGene00000221,2
WBGene00000223,4
WBGene00000225,2
WBGene00000227,2
WBGene00000236,2
WBGene00000237,2
WBGene00000239,2
WBGene00000240,0
WBGene00000245,0
WBGene00000253,3
WBGene00000257,2
WBGene00000265,2
WBGene00000266,2
WBGene00000275,1
WBGene00000277,4
WBGene00000281,0
WBGene00000282,3
WBGene00000286,4
WBGene00000298,3
WBGene00000302,0
WBGene00000372,0
WBGene00000378,1
WBGene00000380,1
WBGene00000381,1
WBGene00000383,4
WBGene00000387,1
WBGene00000391,2
WBGene00000399,1
WBGene00000401,1
WBGene00000402,1
WBGene00000406,2
WBGene00000409,0
WBGene00000411,1
WBGene00000412,0
WBGene00000413,1
WBGene00000417,2
WBGene00000418,0
WBGene00000420,2
WBGene00000422,0
WBGene00000425,3
WBGene00000435,3
WBGene00000437,3
WBGene00000439,0
WBGene00000447,3
WBGene00000449,3
WBGene00000451,0
WBGene00000467,0
WBGene00000472,0
WBGene00000475,1
WBGene00000478,0
WBGene00000485,3
WBGene00000498,1
WBGene00000502,1
WBGene00000503,4
WBGene00000512,3
WBGene00000521,0
WBGene00000526,0
WBGene00000528,0
WBGene00000534,4
WBGene00000539,2
WBGene00000540,3
WBGene00000541,1
WBGene00000543,0
WBGene00000550,1
WBGene00000556,0
WBGene00000557,2
WBGene00000563,3
WBGene00000564,0
WBGene00000566,0
WBGene00000594,2
WBGene00000623,1
WBGene00000633,2
WBGene00000645,0
WBGene00000655,3
WBGene00000666,4
WBGene00000673,3
WBGene00000675,4
WBGene00000691,2
WBGene00000692,3
WBGene00000699,2
WBGene00000702,2
WBGene00000711,0
WBGene00000712,0
WBGene00000719,2
WBGene00000720,2
WBGene00000722,1
WBGene00000724,0
WBGene00000731,1
WBGene00000732,0
WBGene00000734,3
WBGene00000740,2
WBGene00000741,2
WBGene00000742,2
WBGene00000743,2
WBGene00000750,3
WBGene00000753,2
WBGene00000765,1
WBGene00000772,2
WBGene00000775,0
WBGene00000776,0
WBGene00000779,0
WBGene00000781,0
WBGene00000782,3
WBGene00000783,3
WBGene00000784,2
WBGene00000785,2
WBGene00000786,0
WBGene00000788,4
WBGene00000789,0
WBGene00000794,1
WBGene00000795,0
WBGene00000799,0
WBGene00000800,1
WBGene00000802,2
WBGene00000804,1
WBGene00000830,3
WBGene00000833,3
WBGene00000837,2
WBGene00000843,2
WBGene00000854,0
WBGene00000858,2
WBGene00000862,3
WBGene00000866,3
WBGene00000867,3
WBGene00000869,2
WBGene00000870,1
WBGene00000877,1
WBGene00000881,2
WBGene00000882,1
WBGene00000883,1
WBGene00000885,3
WBGene00000894,4
WBGene00000896,1
WBGene00000898,4
WBGene00000901,4
WBGene00000903,3
WBGene00000914,3
WBGene00000920,2
WBGene00000928,1
WBGene00000929,0
WBGene00000931,1
WBGene00000933,1
WBGene00000951,0
WBGene00000966,3
WBGene00000967,2
WBGene00000970,0
WBGene00000971,3
WBGene00000972,0
WBGene00000973,3
WBGene00000977,0
WBGene00000981,0
WBGene00000982,0
WBGene00000983,3
WBGene00000984,3
WBGene00000985,0
WBGene00000986,3
WBGene00000988,0
WBGene00000990,1
WBGene00000991,0
WBGene00000992,1
WBGene00000996,0
WBGene00001000,1
WBGene00001005,1
WBGene00001008,3
WBGene00001020,1
WBGene00001022,0
WBGene00001025,1
WBGene00001029,1
WBGene00001031,1
WBGene00001034,0
WBGene00001039,0
WBGene00001044,0
WBGene00001045,1
WBGene00001046,3
WBGene00001047,1
WBGene00001049,2
WBGene00001057,2
WBGene00001064,1
WBGene00001065,1
WBGene00001069,1
WBGene00001070,2
WBGene00001071,1
WBGene00001072,1
WBGene00001073,1
WBGene00001077,1
WBGene00001079,1
WBGene00001089,1
WBGene00001090,0
WBGene00001099,2
WBGene00001101,3
WBGene00001107,1
WBGene00001112,2
WBGene00001113,1
WBGene00001134,2
WBGene00001135,3
WBGene00001150,0
WBGene00001151,2
WBGene00001152,3
WBGene00001153,0
WBGene00001154,1
WBGene00001156,2
WBGene00001157,3
WBGene00001159,1
WBGene00001166,1
WBGene00001169,1
WBGene00001171,3
WBGene00001172,4
WBGene00001177,4
WBGene00001188,0
WBGene00001189,4
WBGene00001190,2
WBGene00001209,1
WBGene00001226,1
WBGene00001227,1
WBGene00001228,1
WBGene00001229,1
WBGene00001230,1
WBGene00001231,1
WBGene00001232,1
WBGene00001233,1
WBGene00001234,1
WBGene00001236,2
WBGene00001239,2
WBGene00001240,2
WBGene00001241,0
WBGene00001242,1
WBGene00001243,2
WBGene00001244,2
WBGene00001258,1
WBGene00001262,3
WBGene00001303,1
WBGene00001328,2
WBGene00001331,1
WBGene00001333,1
WBGene00001335,0
WBGene00001340,1
WBGene00001372,2
WBGene00001385,2
WBGene00001387,3
WBGene00001389,1
WBGene00001390,4
WBGene00001392,0
WBGene00001393,3
WBGene00001395,4
WBGene00001397,0
WBGene00001398,3
WBGene00001399,0
WBGene00001423,1
WBGene00001427,1
WBGene00001428,1
WBGene00001430,1
WBGene00001431,1
WBGene00001432,2
WBGene00001439,4
WBGene00001441,4
WBGene00001446,4
WBGene00001447,3
WBGene00001448,4
WBGene00001450,3
WBGene00001452,4
WBGene00001454,4
WBGene00001455,4
WBGene00001456,4
WBGene00001458,4
WBGene00001459,4
WBGene00001464,4
WBGene00001476,4
WBGene00001478,3
WBGene00001479,4
WBGene00001480,0
WBGene00001483,0
WBGene00001487,3
WBGene00001489,3
WBGene00001494,0
WBGene00001496,4
WBGene00001497,1
WBGene00001498,1
WBGene00001500,0
WBGene00001501,2
WBGene00001506,3
WBGene00001518,3
WBGene00001523,3
WBGene00001532,3
WBGene00001536,0
WBGene00001541,3
WBGene00001545,0
WBGene00001552,3
WBGene00001559,1
WBGene00001566,1
WBGene00001569,3
WBGene00001570,1
WBGene00001572,0
WBGene00001578,3
WBGene00001585,2
WBGene00001591,4
WBGene00001597,3
WBGene00001600,0
WBGene00001602,0
WBGene00001604,3
WBGene00001614,3
WBGene00001615,3
WBGene00001620,2
WBGene00001621,4
WBGene00001623,3
WBGene00001624,3
WBGene00001633,2
WBGene00001635,1
WBGene00001637,1
WBGene00001649,3
WBGene00001650,1
WBGene00001666,3
WBGene00001668,3
WBGene00001672,3
WBGene00001674,3
WBGene00001677,0
WBGene00001683,3
WBGene00001684,0
WBGene00001685,0
WBGene00001688,1
WBGene00001689,1
WBGene00001692,0
WBGene00001699,0
WBGene00001702,0
WBGene00001718,0
WBGene00001743,2
WBGene00001744,1
WBGene00001746,3
WBGene00001751,3
WBGene00001753,3
WBGene00001754,3
WBGene00001755,3
WBGene00001756,3
WBGene00001758,1
WBGene00001759,0
WBGene00001761,0
WBGene00001762,3
WBGene00001763,3
WBGene00001764,0
WBGene00001765,3
WBGene00001766,0
WBGene00001767,0
WBGene00001768,2
WBGene00001769,3
WBGene00001771,0
WBGene00001772,2
WBGene00001773,3
WBGene00001774,1
WBGene00001775,2
WBGene00001776,2
WBGene00001779,3
WBGene00001780,3
WBGene00001781,3
WBGene00001783,0
WBGene00001785,3
WBGene00001786,0
WBGene00001787,3
WBGene00001792,3
WBGene00001795,0
WBGene00001805,0
WBGene00001811,3
WBGene00001814,1
WBGene00001815,1
WBGene00001817,0
WBGene00001819,2
WBGene00001829,1
WBGene00001830,2
WBGene00001831,1
WBGene00001833,1
WBGene00001840,1
WBGene00001841,3
WBGene00001855,2
WBGene00001869,1
WBGene00001876,0
WBGene00001878,0
WBGene00001881,0
WBGene00001882,0
WBGene00001883,0
WBGene00001884,0
WBGene00001885,0
WBGene00001886,0
WBGene00001887,0
WBGene00001888,0
WBGene00001889,0
WBGene00001891,0
WBGene00001893,0
WBGene00001894,0
WBGene00001895,0
WBGene00001896,0
WBGene00001899,3
WBGene00001900,0
WBGene00001903,0
WBGene00001905,0
WBGene00001906,0
WBGene00001909,2
WBGene00001915,0
WBGene00001916,0
WBGene00001917,0
WBGene00001918,0
WBGene00001919,0
WBGene00001921,0
WBGene00001922,0
WBGene00001925,0
WBGene00001926,0
WBGene00001927,0
WBGene00001928,0
WBGene00001929,0
WBGene00001931,0
WBGene00001932,0
WBGene00001933,0
WBGene00001934,0
WBGene00001939,0
WBGene00001940,0
WBGene00001942,0
WBGene00001945,4
WBGene00001946,0
WBGene00001950,1
WBGene00001955,4
WBGene00001960,0
WBGene00001973,3
WBGene00001975,2
WBGene00001984,0
WBGene00001986,0
WBGene00001987,0
WBGene00001993,2
WBGene00001996,2
WBGene00001997,2
WBGene00001998,2
WBGene00001999,1
WBGene00002004,3
WBGene00002005,2
WBGene00002007,1
WBGene00002008,0
WBGene00002012,3
WBGene00002016,0
WBGene00002020,0
WBGene00002021,3
WBGene00002023,2
WBGene00002025,1
WBGene00002037,1
WBGene00002039,1
WBGene00002040,3
WBGene00002043,2
WBGene00002044,2
WBGene00002045,2
WBGene00002047,1
WBGene00002048,4
WBGene00002054,0
WBGene00002055,0
WBGene00002056,0
WBGene00002057,0
WBGene00002060,1
WBGene00002065,2
WBGene00002066,1
WBGene00002068,2
WBGene00002069,4
WBGene00002070,1
WBGene00002071,1
WBGene00002073,1
WBGene00002077,1
WBGene00002080,1
WBGene00002083,1
WBGene00002084,4
WBGene00002089,2
WBGene00002092,1
WBGene00002095,0
WBGene00002097,0
WBGene00002100,4
WBGene00002107,3
WBGene00002109,3
WBGene00002113,3
WBGene00002118,2
WBGene00002136,3
WBGene00002137,0
WBGene00002138,2
WBGene00002139,2
WBGene00002142,4
WBGene00002146,0
WBGene00002153,2
WBGene00002173,3
WBGene00002175,0
WBGene00002180,0
WBGene00002181,2
WBGene00002183,0
WBGene00002187,3
WBGene00002188,3
WBGene00002189,3
WBGene00002192,3
WBGene00002199,3
WBGene00002205,2
WBGene00002214,3
WBGene00002229,1
WBGene00002231,1
WBGene00002238,1
WBGene00002244,1
WBGene00002247,1
WBGene00002249,0
WBGene00002250,0
WBGene00002251,2
WBGene00002253,4
WBGene00002254,3
WBGene00002255,3
WBGene00002256,1
WBGene00002257,2
WBGene00002259,3
WBGene00002260,0
WBGene00002262,2
WBGene00002267,3
WBGene00002268,4
WBGene00002269,2
WBGene00002270,4
WBGene00002271,2
WBGene00002272,0
WBGene00002273,2
WBGene00002274,0
WBGene00002276,3
WBGene00002282,1
WBGene00002363,2
WBGene00002497,1
WBGene00002632,2
WBGene00002637,1
WBGene00002694,0
WBGene00002804,1
WBGene00002827,1
WBGene00002850,1
WBGene00002855,0
WBGene00002879,1
WBGene00002891,0
WBGene00002978,0
WBGene00002980,4
WBGene00002981,4
WBGene00002985,2
WBGene00002988,0
WBGene00003000,3
WBGene00003008,0
WBGene00003015,2
WBGene00003036,1
WBGene00003040,3
WBGene00003041,2
WBGene00003053,2
WBGene00003055,1
WBGene00003072,4
WBGene00003078,2
WBGene00003085,2
WBGene00003090,2
WBGene00003091,0
WBGene00003092,3
WBGene00003093,2
WBGene00003094,0
WBGene00003095,2
WBGene00003096,0
WBGene00003097,0
WBGene00003099,0
WBGene00003112,3
WBGene00003119,2
WBGene00003124,0
WBGene00003130,1
WBGene00003133,1
WBGene00003148,1
WBGene00003151,4
WBGene00003156,1
WBGene00003157,1
WBGene00003158,1
WBGene00003162,1
WBGene00003164,2
WBGene00003168,3
WBGene00003176,0
WBGene00003179,3
WBGene00003210,2
WBGene00003214,1
WBGene00003216,0
WBGene00003224,0
WBGene00003228,3
WBGene00003230,0
WBGene00003231,3
WBGene00003233,2
WBGene00003236,0
WBGene00003239,2
WBGene00003242,0
WBGene00003249,3
WBGene00003253,0
WBGene00003375,2
WBGene00003385,0
WBGene00003390,1
WBGene00003392,1
WBGene00003395,0
WBGene00003397,0
WBGene00003400,1
WBGene00003405,1
WBGene00003407,2
WBGene00003408,3
WBGene00003409,3
WBGene00003410,1
WBGene00003411,3
WBGene00003415,1
WBGene00003418,1
WBGene00003422,2
WBGene00003473,0
WBGene00003474,0
WBGene00003475,3
WBGene00003478,0
WBGene00003482,1
WBGene00003495,2
WBGene00003504,1
WBGene00003507,0
WBGene00003515,0
WBGene00003517,3
WBGene00003519,3
WBGene00003522,1
WBGene00003528,4
WBGene00003550,3
WBGene00003553,1
WBGene00003555,0
WBGene00003561,4
WBGene00003567,1
WBGene00003568,4
WBGene00003571,0
WBGene00003572,2
WBGene00003573,3
WBGene00003576,2
WBGene00003585,3
WBGene00003598,3
WBGene00003599,4
WBGene00003600,3
WBGene00003602,3
WBGene00003603,3
WBGene00003607,4
WBGene00003610,3
WBGene00003611,0
WBGene00003615,3
WBGene00003616,3
WBGene00003621,3
WBGene00003622,1
WBGene00003625,0
WBGene00003627,0
WBGene00003633,0
WBGene00003635,4
WBGene00003639,3
WBGene00003642,0
WBGene00003643,3
WBGene00003647,3
WBGene00003649,4
WBGene00003652,3
WBGene00003657,0
WBGene00003658,2
WBGene00003660,3
WBGene00003663,2
WBGene00003664,2
WBGene00003669,3
WBGene00003674,3
WBGene00003675,1
WBGene00003676,3
WBGene00003677,3
WBGene00003678,4
WBGene00003681,1
WBGene00003682,3
WBGene00003683,3
WBGene00003688,0
WBGene00003690,3
WBGene00003693,4
WBGene00003694,3
WBGene00003695,0
WBGene00003696,3
WBGene00003697,4
WBGene00003702,3
WBGene00003703,2
WBGene00003705,3
WBGene00003709,0
WBGene00003710,4
WBGene00003711,0
WBGene00003713,3
WBGene00003715,0
WBGene00003717,0
WBGene00003719,3
WBGene00003720,3
WBGene00003721,4
WBGene00003725,4
WBGene00003727,0
WBGene00003728,3
WBGene00003729,2
WBGene00003730,1
WBGene00003731,0
WBGene00003736,3
WBGene00003738,1
WBGene00003743,3
WBGene00003744,4
WBGene00003746,4
WBGene00003747,3
WBGene00003749,4
WBGene00003751,4
WBGene00003752,4
WBGene00003753,4
WBGene00003756,4
WBGene00003758,0
WBGene00003759,4
WBGene00003762,2
WBGene00003763,0
WBGene00003764,0
WBGene00003765,0
WBGene00003766,3
WBGene00003767,0
WBGene00003768,2
WBGene00003769,0
WBGene00003771,0
WBGene00003773,0
WBGene00003779,3
WBGene00003784,0
WBGene00003786,3
WBGene00003794,1
WBGene00003795,1
WBGene00003796,1
WBGene00003798,1
WBGene00003799,1
WBGene00003807,0
WBGene00003815,1
WBGene00003828,0
WBGene00003829,1
WBGene00003837,2
WBGene00003841,3
WBGene00003845,2
WBGene00003856,3
WBGene00003858,4
WBGene00003864,3
WBGene00003865,3
WBGene00003868,3
WBGene00003877,1
WBGene00003887,3
WBGene00003890,3
WBGene00003891,0
WBGene00003892,3
WBGene00003893,1
WBGene00003898,2
WBGene00003902,2
WBGene00003903,2
WBGene00003907,0
WBGene00003916,3
WBGene00003921,1
WBGene00003922,2
WBGene00003923,2
WBGene00003924,2
WBGene00003925,1
WBGene00003926,2
WBGene00003928,1
WBGene00003930,1
WBGene00003934,0
WBGene00003943,3
WBGene00003948,2
WBGene00003953,2
WBGene00003956,2
WBGene00003957,2
WBGene00003958,2
WBGene00003959,0
WBGene00003962,1
WBGene00003963,1
WBGene00003964,1
WBGene00003965,4
WBGene00003968,1
WBGene00003982,2
WBGene00003989,1
WBGene00003993,2
WBGene00003995,3
WBGene00003996,2
WBGene00003997,4
WBGene00003998,3
WBGene00004000,0
WBGene00004001,3
WBGene00004003,3
WBGene00004004,0
WBGene00004005,0
WBGene00004006,3
WBGene00004007,0
WBGene00004008,4
WBGene00004014,1
WBGene00004015,1
WBGene00004017,1
WBGene00004020,2
WBGene00004025,1
WBGene00004027,3
WBGene00004039,2
WBGene00004042,1
WBGene00004052,0
WBGene00004053,3
WBGene00004056,3
WBGene00004059,0
WBGene00004061,2
WBGene00004064,0
WBGene00004068,3
WBGene00004076,3
WBGene00004078,3
WBGene00004085,1
WBGene00004086,2
WBGene00004089,2
WBGene00004091,0
WBGene00004092,0
WBGene00004093,3
WBGene00004117,0
WBGene00004124,0
WBGene00004125,2
WBGene00004126,3
WBGene00004130,2
WBGene00004134,1
WBGene00004136,3
WBGene00004138,4
WBGene00004139,3
WBGene00004144,4
WBGene00004147,3
WBGene00004156,1
WBGene00004166,0
WBGene00004172,3
WBGene00004176,4
WBGene00004177,4
WBGene00004180,1
WBGene00004181,1
WBGene00004183,0
WBGene00004188,1
WBGene00004189,1
WBGene00004191,0
WBGene00004193,0
WBGene00004194,3
WBGene00004195,0
WBGene00004196,3
WBGene00004198,3
WBGene00004201,2
WBGene00004206,2
WBGene00004208,4
WBGene00004209,3
WBGene00004210,3
WBGene00004214,1
WBGene00004216,1
WBGene00004218,0
WBGene00004219,1
WBGene00004221,3
WBGene00004222,0
WBGene00004224,1
WBGene00004225,0
WBGene00004227,4
WBGene00004231,4
WBGene00004233,1
WBGene00004234,4
WBGene00004236,3
WBGene00004237,4
WBGene00004238,0
WBGene00004249,4
WBGene00004256,2
WBGene00004258,0
WBGene00004259,0
WBGene00004264,1
WBGene00004270,1
WBGene00004271,4
WBGene00004277,3
WBGene00004297,2
WBGene00004302,1
WBGene00004304,1
WBGene00004316,3
WBGene00004323,3
WBGene00004328,3
WBGene00004338,2
WBGene00004339,2
WBGene00004340,1
WBGene00004346,0
WBGene00004356,3
WBGene00004358,0
WBGene00004363,0
WBGene00004382,4
WBGene00004389,2
WBGene00004391,1
WBGene00004393,3
WBGene00004400,2
WBGene00004402,3
WBGene00004405,0
WBGene00004408,2
WBGene00004409,2
WBGene00004411,1
WBGene00004412,2
WBGene00004413,2
WBGene00004414,2
WBGene00004415,2
WBGene00004416,2
WBGene00004417,2
WBGene00004418,2
WBGene00004420,2
WBGene00004422,2
WBGene00004423,2
WBGene00004424,2
WBGene00004425,2
WBGene00004426,2
WBGene00004427,2
WBGene00004428,2
WBGene00004429,2
WBGene00004431,2
WBGene00004432,2
WBGene00004436,2
WBGene00004438,2
WBGene00004442,2
WBGene00004448,2
WBGene00004461,1
WBGene00004464,2
WBGene00004465,2
WBGene00004467,2
WBGene00004468,2
WBGene00004469,2
WBGene00004470,2
WBGene00004472,2
WBGene00004473,2
WBGene00004474,2
WBGene00004475,2
WBGene00004476,2
WBGene00004477,2
WBGene00004479,2
WBGene00004480,2
WBGene00004483,2
WBGene00004484,2
WBGene00004487,2
WBGene00004489,2
WBGene00004493,2
WBGene00004495,2
WBGene00004499,2
WBGene00004501,2
WBGene00004502,2
WBGene00004504,2
WBGene00004506,2
WBGene00004509,3
WBGene00004698,1
WBGene00004702,1
WBGene00004727,4
WBGene00004735,3
WBGene00004739,3
WBGene00004745,2
WBGene00004755,1
WBGene00004759,3
WBGene00004760,2
WBGene00004766,2
WBGene00004769,2
WBGene00004775,2
WBGene00004781,0
WBGene00004788,1
WBGene00004790,0
WBGene00004796,0
WBGene00004802,2
WBGene00004804,0
WBGene00004809,3
WBGene00004810,3
WBGene00004811,3
WBGene00004825,4
WBGene00004860,0
WBGene00004874,1
WBGene00004875,2
WBGene00004886,0
WBGene00004887,2
WBGene00004888,1
WBGene00004890,0
WBGene00004892,3
WBGene00004894,4
WBGene00004910,2
WBGene00004911,3
WBGene00004914,1
WBGene00004915,1
WBGene00004918,1
WBGene00004920,1
WBGene00004922,0
WBGene00004923,4
WBGene00004929,2
WBGene00004930,0
WBGene00004932,3
WBGene00004933,4
WBGene00004944,0
WBGene00004955,1
WBGene00004958,2
WBGene00004960,0
WBGene00004972,3
WBGene00004978,1
WBGene00004981,1
WBGene00004984,0
WBGene00004986,0
WBGene00004987,0
WBGene00004988,0
WBGene00004989,1
WBGene00004990,2
WBGene00004999,0
WBGene00005002,2
WBGene00005004,0
WBGene00005007,2
WBGene00005010,2
WBGene00005014,2
WBGene00005025,3
WBGene00005063,0
WBGene00005110,0
WBGene00005131,2
WBGene00005346,3
WBGene00005422,0
WBGene00005447,3
WBGene00005552,0
WBGene00005585,0
WBGene00005643,3
WBGene00005648,3
WBGene00005653,3
WBGene00005655,3
WBGene00005657,4
WBGene00005664,3
WBGene00005670,0
WBGene00005671,0
WBGene00005692,3
WBGene00005703,3
WBGene00005712,0
WBGene00005719,3
WBGene00005832,4
WBGene00005893,0
WBGene00005931,3
WBGene00006059,1
WBGene00006075,3
WBGene00006109,3
WBGene00006154,0
WBGene00006309,0
WBGene00006311,0
WBGene00006351,2
WBGene00006363,0
WBGene00006366,1
WBGene00006375,3
WBGene00006381,2
WBGene00006385,0
WBGene00006386,0
WBGene00006404,3
WBGene00006408,2
WBGene00006418,3
WBGene00006447,1
WBGene00006452,3
WBGene00006461,2
WBGene00006462,3
WBGene00006463,0
WBGene00006472,1
WBGene00006475,0
WBGene00006478,0
WBGene00006486,0
WBGene00006487,2
WBGene00006493,0
WBGene00006504,0
WBGene00006508,2
WBGene00006512,1
WBGene00006523,4
WBGene00006530,1
WBGene00006531,3
WBGene00006539,3
WBGene00006562,2
WBGene00006563,0
WBGene00006571,2
WBGene00006574,1
WBGene00006575,3
WBGene00006580,3
WBGene00006584,1
WBGene00006585,2
WBGene00006587,0
WBGene00006588,0
WBGene00006590,1
WBGene00006591,4
WBGene00006603,3
WBGene00006604,1
WBGene00006606,0
WBGene00006607,4
WBGene00006609,0
WBGene00006610,2
WBGene00006616,0
WBGene00006617,1
WBGene00006620,1
WBGene00006626,1
WBGene00006636,2
WBGene00006639,3
WBGene00006655,3
WBGene00006656,3
WBGene00006658,0
WBGene00006662,4
WBGene00006663,4
WBGene00006666,1
WBGene00006669,0
WBGene00006674,2
WBGene00006675,1
WBGene00006678,0
WBGene00006684,4
WBGene00006685,3
WBGene00006686,3
WBGene00006688,3
WBGene00006691,0
WBGene00006692,2
WBGene00006700,1
WBGene00006705,4
WBGene00006709,2
WBGene00006712,0
WBGene00006718,3
WBGene00006720,4
WBGene00006724,1
WBGene00006725,2
WBGene00006727,3
WBGene00006728,2
WBGene00006734,2
WBGene00006735,3
WBGene00006742,3
WBGene00006746,0
WBGene00006750,3
WBGene00006751,0
WBGene00006752,3
WBGene00006757,3
WBGene00006764,0
WBGene00006781,1
WBGene00006787,1
WBGene00006794,1
WBGene00006798,0
WBGene00006804,2
WBGene00006809,3
WBGene00006812,3
WBGene00006818,3
WBGene00006826,1
WBGene00006830,0
WBGene00006839,2
WBGene00006862,0
WBGene00006863,2
WBGene00006869,2
WBGene00006875,0
WBGene00006886,0
WBGene00006887,0
WBGene00006889,1
WBGene00006890,3
WBGene00006896,0
WBGene00006897,2
WBGene00006912,0
WBGene00006914,3
WBGene00006915,1
WBGene00006916,3
WBGene00006918,0
WBGene00006921,1
WBGene00006924,1
WBGene00006932,3
WBGene00006936,1
WBGene00006941,3
WBGene00006942,1
WBGene00006944,0
WBGene00006945,1
WBGene00006956,1
WBGene00006959,3
WBGene00006963,2
WBGene00006964,1
WBGene00006975,0
WBGene00006977,3
WBGene00006978,0
WBGene00006979,0
WBGene00006984,4
WBGene00006986,3
WBGene00007000,1
WBGene00007001,1
WBGene00007010,3
WBGene00007015,0
WBGene00007055,4
WBGene00007058,4
WBGene00007068,0
WBGene00007070,3
WBGene00007071,3
WBGene00007072,3
WBGene00007073,0
WBGene00007106,2
WBGene00007108,2
WBGene00007109,2
WBGene00007112,2
WBGene00007113,2
WBGene00007118,1
WBGene00007122,0
WBGene00007126,4
WBGene00007129,2
WBGene00007130,0
WBGene00007131,3
WBGene00007132,3
WBGene00007133,3
WBGene00007134,3
WBGene00007136,2
WBGene00007138,0
WBGene00007140,2
WBGene00007150,1
WBGene00007153,0
WBGene00007162,3
WBGene00007170,1
WBGene00007175,3
WBGene00007183,0
WBGene00007185,2
WBGene00007203,3
WBGene00007207,1
WBGene00007214,2
WBGene00007215,1
WBGene00007220,2
WBGene00007221,3
WBGene00007223,2
WBGene00007226,4
WBGene00007228,0
WBGene00007231,4
WBGene00007232,4
WBGene00007234,0
WBGene00007235,1
WBGene00007237,2
WBGene00007241,3
WBGene00007255,2
WBGene00007256,2
WBGene00007267,2
WBGene00007270,3
WBGene00007275,2
WBGene00007290,0
WBGene00007296,2
WBGene00007297,3
WBGene00007299,0
WBGene00007302,4
WBGene00007324,0
WBGene00007330,0
WBGene00007331,2
WBGene00007332,0
WBGene00007334,0
WBGene00007336,3
WBGene00007339,2
WBGene00007340,3
WBGene00007342,0
WBGene00007347,3
WBGene00007350,1
WBGene00007358,0
WBGene00007362,0
WBGene00007364,3
WBGene00007368,0
WBGene00007372,4
WBGene00007375,1
WBGene00007384,0
WBGene00007392,3
WBGene00007393,3
WBGene00007394,1
WBGene00007395,4
WBGene00007400,1
WBGene00007404,0
WBGene00007405,3
WBGene00007413,2
WBGene00007414,4
WBGene00007430,3
WBGene00007431,0
WBGene00007440,3
WBGene00007443,1
WBGene00007450,0
WBGene00007452,3
WBGene00007453,3
WBGene00007455,0
WBGene00007460,4
WBGene00007462,3
WBGene00007463,1
WBGene00007465,0
WBGene00007476,3
WBGene00007479,1
WBGene00007482,0
WBGene00007484,3
WBGene00007490,3
WBGene00007495,0
WBGene00007506,3
WBGene00007507,3
WBGene00007508,4
WBGene00007509,3
WBGene00007511,3
WBGene00007513,3
WBGene00007536,2
WBGene00007544,4
WBGene00007546,3
WBGene00007552,1
WBGene00007556,1
WBGene00007562,3
WBGene00007565,0
WBGene00007573,2
WBGene00007579,2
WBGene00007589,0
WBGene00007594,0
WBGene00007599,0
WBGene00007600,2
WBGene00007605,3
WBGene00007606,2
WBGene00007607,0
WBGene00007609,3
WBGene00007623,2
WBGene00007630,1
WBGene00007637,2
WBGene00007638,4
WBGene00007650,2
WBGene00007652,2
WBGene00007653,2
WBGene00007655,3
WBGene00007656,3
WBGene00007657,3
WBGene00007658,3
WBGene00007659,3
WBGene00007660,3
WBGene00007661,3
WBGene00007662,3
WBGene00007666,4
WBGene00007669,3
WBGene00007672,3
WBGene00007674,3
WBGene00007681,1
WBGene00007682,0
WBGene00007686,1
WBGene00007692,2
WBGene00007693,0
WBGene00007694,3
WBGene00007696,1
WBGene00007704,2
WBGene00007709,3
WBGene00007712,1
WBGene00007717,3
WBGene00007723,0
WBGene00007726,0
WBGene00007729,0
WBGene00007732,0
WBGene00007741,3
WBGene00007750,2
WBGene00007752,3
WBGene00007756,0
WBGene00007757,0
WBGene00007758,0
WBGene00007761,3
WBGene00007764,4
WBGene00007765,3
WBGene00007778,0
WBGene00007779,3
WBGene00007784,1
WBGene00007787,2
WBGene00007797,0
WBGene00007799,0
WBGene00007808,0
WBGene00007810,3
WBGene00007811,3
WBGene00007817,3
WBGene00007818,0
WBGene00007819,0
WBGene00007833,3
WBGene00007835,3
WBGene00007836,2
WBGene00007840,3
WBGene00007841,0
WBGene00007848,0
WBGene00007855,4
WBGene00007857,0
WBGene00007859,1
WBGene00007866,0
WBGene00007867,0
WBGene00007875,2
WBGene00007878,4
WBGene00007885,3
WBGene00007890,3
WBGene00007891,0
WBGene00007894,2
WBGene00007900,4
WBGene00007904,0
WBGene00007909,0
WBGene00007913,0
WBGene00007919,4
WBGene00007924,0
WBGene00007927,1
WBGene00007928,3
WBGene00007932,3
WBGene00007937,0
WBGene00007938,1
WBGene00007942,0
WBGene00007946,0
WBGene00007947,2
WBGene00007950,4
WBGene00007952,1
WBGene00007956,0
WBGene00007957,4
WBGene00007958,4
WBGene00007959,2
WBGene00007963,0
WBGene00007964,0
WBGene00007969,3
WBGene00007978,0
WBGene00007984,3
WBGene00007988,2
WBGene00007989,3
WBGene00007992,3
WBGene00007994,2
WBGene00007999,1
WBGene00008000,1
WBGene00008003,0
WBGene00008005,0
WBGene00008009,3
WBGene00008019,0
WBGene00008027,4
WBGene00008032,3
WBGene00008035,1
WBGene00008039,3
WBGene00008040,4
WBGene00008042,2
WBGene00008043,0
WBGene00008044,3
WBGene00008050,0
WBGene00008053,2
WBGene00008067,0
WBGene00008068,0
WBGene00008082,0
WBGene00008084,0
WBGene00008086,0
WBGene00008094,0
WBGene00008097,2
WBGene00008099,3
WBGene00008101,2
WBGene00008102,3
WBGene00008107,1
WBGene00008117,3
WBGene00008118,2
WBGene00008120,3
WBGene00008123,1
WBGene00008132,2
WBGene00008140,2
WBGene00008143,1
WBGene00008144,3
WBGene00008149,4
WBGene00008152,0
WBGene00008167,0
WBGene00008170,0
WBGene00008173,2
WBGene00008184,0
WBGene00008194,2
WBGene00008195,3
WBGene00008199,0
WBGene00008200,0
WBGene00008203,0
WBGene00008205,1
WBGene00008214,0
WBGene00008220,3
WBGene00008222,0
WBGene00008227,0
WBGene00008248,3
WBGene00008252,0
WBGene00008255,3
WBGene00008256,3
WBGene00008258,2
WBGene00008266,3
WBGene00008267,3
WBGene00008269,3
WBGene00008270,3
WBGene00008273,3
WBGene00008274,3
WBGene00008280,0
WBGene00008284,3
WBGene00008296,3
WBGene00008298,3
WBGene00008300,0
WBGene00008301,3
WBGene00008302,3
WBGene00008323,3
WBGene00008332,3
WBGene00008334,3
WBGene00008335,0
WBGene00008336,2
WBGene00008341,3
WBGene00008345,3
WBGene00008348,3
WBGene00008352,3
WBGene00008354,1
WBGene00008355,0
WBGene00008356,4
WBGene00008357,4
WBGene00008359,3
WBGene00008360,4
WBGene00008368,0
WBGene00008385,2
WBGene00008388,3
WBGene00008390,0
WBGene00008398,2
WBGene00008401,1
WBGene00008405,2
WBGene00008407,3
WBGene00008408,2
WBGene00008409,1
WBGene00008412,4
WBGene00008419,3
WBGene00008425,0
WBGene00008428,1
WBGene00008435,4
WBGene00008439,4
WBGene00008443,3
WBGene00008444,4
WBGene00008447,3
WBGene00008451,2
WBGene00008453,3
WBGene00008457,2
WBGene00008459,1
WBGene00008462,0
WBGene00008463,0
WBGene00008477,3
WBGene00008481,3
WBGene00008483,2
WBGene00008484,0
WBGene00008485,4
WBGene00008490,3
WBGene00008491,0
WBGene00008492,0
WBGene00008493,2
WBGene00008494,2
WBGene00008495,2
WBGene00008496,0
WBGene00008499,0
WBGene00008500,0
WBGene00008506,2
WBGene00008507,3
WBGene00008510,3
WBGene00008511,2
WBGene00008514,1
WBGene00008517,0
WBGene00008519,0
WBGene00008522,3
WBGene00008538,0
WBGene00008542,0
WBGene00008548,2
WBGene00008554,3
WBGene00008555,3
WBGene00008560,2
WBGene00008563,1
WBGene00008564,0
WBGene00008565,2
WBGene00008566,2
WBGene00008567,1
WBGene00008569,0
WBGene00008571,1
WBGene00008572,4
WBGene00008575,0
WBGene00008577,0
WBGene00008579,0
WBGene00008583,2
WBGene00008584,0
WBGene00008594,0
WBGene00008595,2
WBGene00008596,0
WBGene00008602,3
WBGene00008603,4
WBGene00008605,1
WBGene00008607,2
WBGene00008617,3
WBGene00008621,2
WBGene00008625,3
WBGene00008628,4
WBGene00008629,0
WBGene00008634,2
WBGene00008641,1
WBGene00008644,0
WBGene00008646,1
WBGene00008647,3
WBGene00008654,0
WBGene00008663,3
WBGene00008669,0
WBGene00008670,2
WBGene00008678,3
WBGene00008684,2
WBGene00008692,1
WBGene00008694,0
WBGene00008709,0
WBGene00008711,3
WBGene00008712,0
WBGene00008730,3
WBGene00008732,0
WBGene00008735,2
WBGene00008739,3
WBGene00008741,2
WBGene00008742,3
WBGene00008743,4
WBGene00008744,3
WBGene00008749,2
WBGene00008757,3
WBGene00008762,1
WBGene00008774,1
WBGene00008775,1
WBGene00008780,4
WBGene00008781,1
WBGene00008787,0
WBGene00008793,0
WBGene00008794,0
WBGene00008797,0
WBGene00008798,0
WBGene00008799,2
WBGene00008803,0
WBGene00008809,0
WBGene00008810,0
WBGene00008823,0
WBGene00008825,0
WBGene00008826,0
WBGene00008830,3
WBGene00008832,4
WBGene00008833,0
WBGene00008850,3
WBGene00008856,3
WBGene00008858,3
WBGene00008874,3
WBGene00008880,3
WBGene00008886,4
WBGene00008891,2
WBGene00008900,3
WBGene00008914,4
WBGene00008916,3
WBGene00008917,0
WBGene00008921,1
WBGene00008922,0
WBGene00008923,0
WBGene00008926,4
WBGene00008940,0
WBGene00008944,2
WBGene00008948,0
WBGene00008963,1
WBGene00008969,3
WBGene00008970,3
WBGene00008977,0
WBGene00008985,3
WBGene00008986,2
WBGene00008987,1
WBGene00008988,3
WBGene00008993,0
WBGene00008995,0
WBGene00009008,2
WBGene00009028,4
WBGene00009033,4
WBGene00009042,3
WBGene00009045,2
WBGene00009048,0
WBGene00009049,3
WBGene00009050,4
WBGene00009052,2
WBGene00009056,0
WBGene00009061,3
WBGene00009065,2
WBGene00009069,2
WBGene00009073,2
WBGene00009077,3
WBGene00009082,2
WBGene00009092,1
WBGene00009094,1
WBGene00009096,0
WBGene00009097,3
WBGene00009102,3
WBGene00009106,4
WBGene00009108,1
WBGene00009110,0
WBGene00009114,3
WBGene00009118,1
WBGene00009119,2
WBGene00009120,3
WBGene00009124,0
WBGene00009126,2
WBGene00009127,0
WBGene00009133,1
WBGene00009136,0
WBGene00009145,2
WBGene00009146,2
WBGene00009165,0
WBGene00009166,0
WBGene00009169,0
WBGene00009170,0
WBGene00009177,2
WBGene00009179,2
WBGene00009183,3
WBGene00009187,2
WBGene00009189,1
WBGene00009191,0
WBGene00009201,3
WBGene00009211,1
WBGene00009213,3
WBGene00009215,0
WBGene00009237,2
WBGene00009243,4
WBGene00009255,0
WBGene00009256,0
WBGene00009258,3
WBGene00009259,0
WBGene00009264,0
WBGene00009274,1
WBGene00009289,2
WBGene00009290,2
WBGene00009291,4
WBGene00009292,0
WBGene00009311,0
WBGene00009319,1
WBGene00009322,1
WBGene00009323,3
WBGene00009333,3
WBGene00009334,0
WBGene00009342,1
WBGene00009347,0
WBGene00009354,0
WBGene00009367,1
WBGene00009368,1
WBGene00009369,0
WBGene00009370,2
WBGene00009380,4
WBGene00009383,4
WBGene00009384,4
WBGene00009385,2
WBGene00009393,3
WBGene00009394,0
WBGene00009396,3
WBGene00009397,0
WBGene00009400,0
WBGene00009406,3
WBGene00009423,0
WBGene00009424,0
WBGene00009429,0
WBGene00009430,0
WBGene00009431,2
WBGene00009432,2
WBGene00009433,0
WBGene00009434,0
WBGene00009439,4
WBGene00009443,2
WBGene00009445,2
WBGene00009450,0
WBGene00009453,0
WBGene00009457,3
WBGene00009469,2
WBGene00009475,0
WBGene00009476,0
WBGene00009478,0
WBGene00009485,3
WBGene00009488,0
WBGene00009490,3
WBGene00009493,3
WBGene00009494,0
WBGene00009495,0
WBGene00009503,4
WBGene00009511,0
WBGene00009512,3
WBGene00009514,2
WBGene00009515,2
WBGene00009518,0
WBGene00009526,0
WBGene00009529,3
WBGene00009533,3
WBGene00009535,3
WBGene00009542,1
WBGene00009543,0
WBGene00009554,0
WBGene00009562,4
WBGene00009577,0
WBGene00009578,4
WBGene00009582,3
WBGene00009595,3
WBGene00009600,3
WBGene00009602,0
WBGene00009606,0
WBGene00009620,1
WBGene00009621,1
WBGene00009623,3
WBGene00009624,2
WBGene00009635,0
WBGene00009639,3
WBGene00009640,3
WBGene00009648,0
WBGene00009653,1
WBGene00009660,4
WBGene00009666,0
WBGene00009674,1
WBGene00009678,2
WBGene00009686,2
WBGene00009702,4
WBGene00009706,0
WBGene00009710,2
WBGene00009712,2
WBGene00009717,3
WBGene00009731,1
WBGene00009768,0
WBGene00009779,0
WBGene00009785,0
WBGene00009787,2
WBGene00009789,0
WBGene00009791,0
WBGene00009796,3
WBGene00009797,4
WBGene00009798,2
WBGene00009803,4
WBGene00009809,4
WBGene00009812,1
WBGene00009813,0
WBGene00009818,1
WBGene00009819,3
WBGene00009823,0
WBGene00009824,0
WBGene00009825,0
WBGene00009831,3
WBGene00009835,3
WBGene00009839,3
WBGene00009840,3
WBGene00009842,4
WBGene00009844,3
WBGene00009849,0
WBGene00009852,0
WBGene00009876,0
WBGene00009877,0
WBGene00009883,2
WBGene00009886,2
WBGene00009887,0
WBGene00009889,1
WBGene00009895,0
WBGene00009896,0
WBGene00009898,3
WBGene00009900,0
WBGene00009902,0
WBGene00009903,3
WBGene00009908,3
WBGene00009920,3
WBGene00009926,1
WBGene00009943,0
WBGene00009947,0
WBGene00009952,0
WBGene00009955,4
WBGene00009964,0
WBGene00009966,1
WBGene00009969,3
WBGene00009971,0
WBGene00009973,3
WBGene00009978,4
WBGene00009982,1
WBGene00009984,3
WBGene00009986,0
WBGene00009993,2
WBGene00009994,0
WBGene00009995,0
WBGene00010001,3
WBGene00010004,3
WBGene00010006,0
WBGene00010015,1
WBGene00010018,4
WBGene00010019,4
WBGene00010023,3
WBGene00010027,2
WBGene00010031,0
WBGene00010032,1
WBGene00010034,2
WBGene00010035,0
WBGene00010046,3
WBGene00010050,0
WBGene00010055,2
WBGene00010063,3
WBGene00010070,2
WBGene00010073,0
WBGene00010075,1
WBGene00010083,2
WBGene00010086,3
WBGene00010094,2
WBGene00010097,1
WBGene00010115,4
WBGene00010116,2
WBGene00010117,0
WBGene00010123,2
WBGene00010124,0
WBGene00010125,0
WBGene00010128,0
WBGene00010133,4
WBGene00010139,1
WBGene00010150,0
WBGene00010177,4
WBGene00010195,0
WBGene00010198,0
WBGene00010200,4
WBGene00010204,2
WBGene00010206,3
WBGene00010214,2
WBGene00010221,3
WBGene00010223,3
WBGene00010224,3
WBGene00010229,2
WBGene00010236,4
WBGene00010238,0
WBGene00010244,4
WBGene00010250,3
WBGene00010251,4
WBGene00010253,0
WBGene00010256,3
WBGene00010262,4
WBGene00010263,2
WBGene00010274,1
WBGene00010275,0
WBGene00010277,1
WBGene00010280,3
WBGene00010282,0
WBGene00010296,0
WBGene00010303,1
WBGene00010318,0
WBGene00010319,2
WBGene00010320,4
WBGene00010328,3
WBGene00010330,1
WBGene00010336,0
WBGene00010337,0
WBGene00010339,2
WBGene00010350,3
WBGene00010354,0
WBGene00010375,3
WBGene00010399,3
WBGene00010403,2
WBGene00010405,1
WBGene00010407,4
WBGene00010408,3
WBGene00010411,0
WBGene00010413,3
WBGene00010421,0
WBGene00010426,3
WBGene00010437,1
WBGene00010440,4
WBGene00010450,0
WBGene00010453,4
WBGene00010454,3
WBGene00010457,0
WBGene00010465,0
WBGene00010470,3
WBGene00010471,0
WBGene00010473,4
WBGene00010475,3
WBGene00010476,2
WBGene00010478,1
WBGene00010480,4
WBGene00010488,4
WBGene00010491,2
WBGene00010497,2
WBGene00010498,3
WBGene00010508,3
WBGene00010512,0
WBGene00010514,2
WBGene00010515,0
WBGene00010516,0
WBGene00010524,1
WBGene00010545,3
WBGene00010556,2
WBGene00010558,0
WBGene00010560,1
WBGene00010569,0
WBGene00010575,3
WBGene00010581,0
WBGene00010582,1
WBGene00010589,3
WBGene00010594,3
WBGene00010597,0
WBGene00010605,0
WBGene00010608,3
WBGene00010624,1
WBGene00010627,1
WBGene00010628,3
WBGene00010630,0
WBGene00010632,3
WBGene00010643,0
WBGene00010646,0
WBGene00010657,2
WBGene00010659,0
WBGene00010660,3
WBGene00010665,3
WBGene00010666,0
WBGene00010670,1
WBGene00010677,1
WBGene00010681,4
WBGene00010686,3
WBGene00010697,4
WBGene00010701,1
WBGene00010706,0
WBGene00010707,3
WBGene00010717,3
WBGene00010723,4
WBGene00010724,3
WBGene00010725,1
WBGene00010731,3
WBGene00010734,0
WBGene00010738,1
WBGene00010740,3
WBGene00010745,0
WBGene00010747,3
WBGene00010749,0
WBGene00010752,3
WBGene00010755,3
WBGene00010756,3
WBGene00010758,2
WBGene00010766,1
WBGene00010773,0
WBGene00010774,2
WBGene00010778,0
WBGene00010791,0
WBGene00010796,4
WBGene00010799,3
WBGene00010810,3
WBGene00010813,3
WBGene00010821,3
WBGene00010822,3
WBGene00010830,3
WBGene00010845,1
WBGene00010846,3
WBGene00010850,3
WBGene00010851,2
WBGene00010856,0
WBGene00010872,4
WBGene00010877,0
WBGene00010884,0
WBGene00010887,3
WBGene00010896,1
WBGene00010897,3
WBGene00010899,2
WBGene00010901,0
WBGene00010904,0
WBGene00010911,0
WBGene00010924,2
WBGene00010925,2
WBGene00010928,2
WBGene00010931,0
WBGene00010943,3
WBGene00010944,0
WBGene00010945,4
WBGene00010947,0
WBGene00010961,0
WBGene00010963,2
WBGene00010972,3
WBGene00010976,3
WBGene00010979,3
WBGene00010981,0
WBGene00010984,1
WBGene00010985,3
WBGene00010988,2
WBGene00010993,2
WBGene00010998,0
WBGene00011002,3
WBGene00011003,3
WBGene00011006,2
WBGene00011009,3
WBGene00011018,4
WBGene00011019,3
WBGene00011026,4
WBGene00011030,3
WBGene00011042,3
WBGene00011043,2
WBGene00011044,0
WBGene00011045,0
WBGene00011050,4
WBGene00011052,4
WBGene00011059,1
WBGene00011061,0
WBGene00011071,2
WBGene00011076,0
WBGene00011082,3
WBGene00011083,2
WBGene00011088,3
WBGene00011089,0
WBGene00011090,3
WBGene00011093,0
WBGene00011094,2
WBGene00011095,2
WBGene00011097,4
WBGene00011099,4
WBGene00011102,2
WBGene00011105,0
WBGene00011106,0
WBGene00011112,1
WBGene00011119,2
WBGene00011122,0
WBGene00011124,3
WBGene00011130,0
WBGene00011141,3
WBGene00011155,2
WBGene00011156,2
WBGene00011158,3
WBGene00011166,3
WBGene00011167,0
WBGene00011171,4
WBGene00011175,0
WBGene00011180,2
WBGene00011182,1
WBGene00011185,4
WBGene00011190,3
WBGene00011195,2
WBGene00011207,3
WBGene00011209,0
WBGene00011212,0
WBGene00011215,0
WBGene00011222,2
WBGene00011223,0
WBGene00011232,3
WBGene00011234,0
WBGene00011238,0
WBGene00011262,0
WBGene00011265,0
WBGene00011270,4
WBGene00011271,2
WBGene00011275,2
WBGene00011284,4
WBGene00011285,3
WBGene00011286,4
WBGene00011288,3
WBGene00011289,3
WBGene00011291,2
WBGene00011292,4
WBGene00011299,3
WBGene00011300,2
WBGene00011302,1
WBGene00011304,4
WBGene00011307,1
WBGene00011318,1
WBGene00011321,3
WBGene00011326,3
WBGene00011327,3
WBGene00011328,4
WBGene00011330,0
WBGene00011344,4
WBGene00011353,2
WBGene00011362,0
WBGene00011364,3
WBGene00011381,3
WBGene00011392,4
WBGene00011399,2
WBGene00011404,3
WBGene00011407,0
WBGene00011408,1
WBGene00011410,2
WBGene00011412,1
WBGene00011416,3
WBGene00011419,3
WBGene00011424,4
WBGene00011428,3
WBGene00011430,3
WBGene00011431,0
WBGene00011436,0
WBGene00011440,2
WBGene00011446,0
WBGene00011450,3
WBGene00011451,0
WBGene00011453,0
WBGene00011468,0
WBGene00011476,0
WBGene00011480,1
WBGene00011481,1
WBGene00011484,3
WBGene00011488,1
WBGene00011489,3
WBGene00011494,0
WBGene00011510,0
WBGene00011517,4
WBGene00011520,4
WBGene00011522,2
WBGene00011524,2
WBGene00011526,1
WBGene00011532,0
WBGene00011539,3
WBGene00011540,4
WBGene00011554,3
WBGene00011561,3
WBGene00011564,0
WBGene00011571,0
WBGene00011576,2
WBGene00011579,3
WBGene00011580,2
WBGene00011584,3
WBGene00011586,4
WBGene00011591,3
WBGene00011593,3
WBGene00011605,1
WBGene00011616,3
WBGene00011631,0
WBGene00011633,0
WBGene00011638,1
WBGene00011639,4
WBGene00011648,2
WBGene00011664,0
WBGene00011668,0
WBGene00011671,3
WBGene00011672,3
WBGene00011673,3
WBGene00011674,3
WBGene00011675,3
WBGene00011676,0
WBGene00011678,3
WBGene00011679,1
WBGene00011681,3
WBGene00011684,3
WBGene00011692,4
WBGene00011694,1
WBGene00011698,3
WBGene00011699,3
WBGene00011707,2
WBGene00011708,0
WBGene00011713,2
WBGene00011718,0
WBGene00011725,3
WBGene00011730,1
WBGene00011738,3
WBGene00011741,3
WBGene00011747,2
WBGene00011752,4
WBGene00011754,3
WBGene00011756,3
WBGene00011757,0
WBGene00011758,1
WBGene00011759,1
WBGene00011760,1
WBGene00011767,0
WBGene00011771,1
WBGene00011775,1
WBGene00011798,3
WBGene00011799,3
WBGene00011800,3
WBGene00011801,3
WBGene00011802,1
WBGene00011803,1
WBGene00011821,0
WBGene00011826,0
WBGene00011828,2
WBGene00011829,0
WBGene00011830,0
WBGene00011832,0
WBGene00011833,2
WBGene00011841,0
WBGene00011844,0
WBGene00011846,2
WBGene00011849,4
WBGene00011850,3
WBGene00011858,0
WBGene00011860,0
WBGene00011869,3
WBGene00011883,2
WBGene00011886,0
WBGene00011891,2
WBGene00011892,2
WBGene00011893,3
WBGene00011894,3
WBGene00011899,4
WBGene00011906,0
WBGene00011925,0
WBGene00011926,0
WBGene00011930,2
WBGene00011932,2
WBGene00011936,0
WBGene00011938,2
WBGene00011939,1
WBGene00011940,0
WBGene00011953,4
WBGene00011957,3
WBGene00011959,0
WBGene00011967,0
WBGene00011974,3
WBGene00011985,0
WBGene00011988,3
WBGene00011990,0
WBGene00011995,4
WBGene00011996,0
WBGene00012009,0
WBGene00012013,4
WBGene00012014,3
WBGene00012015,2
WBGene00012018,1
WBGene00012020,3
WBGene00012023,2
WBGene00012025,2
WBGene00012029,2
WBGene00012030,0
WBGene00012037,2
WBGene00012062,3
WBGene00012070,3
WBGene00012085,0
WBGene00012091,3
WBGene00012095,0
WBGene00012099,0
WBGene00012101,3
WBGene00012104,3
WBGene00012107,3
WBGene00012110,0
WBGene00012111,0
WBGene00012112,0
WBGene00012123,2
WBGene00012126,1
WBGene00012130,0
WBGene00012143,3
WBGene00012144,4
WBGene00012148,4
WBGene00012149,0
WBGene00012158,0
WBGene00012165,2
WBGene00012176,0
WBGene00012182,4
WBGene00012185,4
WBGene00012186,1
WBGene00012201,2
WBGene00012216,3
WBGene00012225,2
WBGene00012228,2
WBGene00012243,0
WBGene00012251,2
WBGene00012253,2
WBGene00012255,1
WBGene00012256,1
WBGene00012257,1
WBGene00012258,2
WBGene00012261,1
WBGene00012272,3
WBGene00012291,2
WBGene00012293,3
WBGene00012295,3
WBGene00012308,0
WBGene00012316,1
WBGene00012326,4
WBGene00012342,1
WBGene00012343,1
WBGene00012344,2
WBGene00012347,3
WBGene00012352,0
WBGene00012361,1
WBGene00012366,4
WBGene00012371,2
WBGene00012381,3
WBGene00012383,4
WBGene00012386,1
WBGene00012391,0
WBGene00012393,2
WBGene00012398,3
WBGene00012399,3
WBGene00012400,3
WBGene00012404,0
WBGene00012407,2
WBGene00012408,2
WBGene00012420,2
WBGene00012432,3
WBGene00012439,0
WBGene00012445,1
WBGene00012449,3
WBGene00012456,3
WBGene00012462,3
WBGene00012466,4
WBGene00012469,1
WBGene00012471,0
WBGene00012476,3
WBGene00012484,1
WBGene00012492,0
WBGene00012494,3
WBGene00012497,1
WBGene00012505,3
WBGene00012527,0
WBGene00012530,0
WBGene00012531,3
WBGene00012533,0
WBGene00012535,3
WBGene00012538,3
WBGene00012543,2
WBGene00012544,0
WBGene00012545,1
WBGene00012551,0
WBGene00012582,3
WBGene00012583,0
WBGene00012584,0
WBGene00012591,0
WBGene00012592,0
WBGene00012593,0
WBGene00012594,0
WBGene00012596,3
WBGene00012597,0
WBGene00012604,0
WBGene00012608,2
WBGene00012610,3
WBGene00012615,2
WBGene00012616,3
WBGene00012624,3
WBGene00012626,3
WBGene00012648,1
WBGene00012659,1
WBGene00012663,0
WBGene00012664,2
WBGene00012665,1
WBGene00012683,2
WBGene00012686,0
WBGene00012688,0
WBGene00012694,2
WBGene00012698,2
WBGene00012713,1
WBGene00012714,1
WBGene00012716,2
WBGene00012717,4
WBGene00012721,0
WBGene00012722,1
WBGene00012726,3
WBGene00012728,0
WBGene00012738,1
WBGene00012747,2
WBGene00012750,3
WBGene00012753,0
WBGene00012757,0
WBGene00012758,0
WBGene00012764,3
WBGene00012778,3
WBGene00012781,2
WBGene00012782,2
WBGene00012808,3
WBGene00012819,4
WBGene00012822,3
WBGene00012823,0
WBGene00012825,4
WBGene00012834,1
WBGene00012840,0
WBGene00012844,0
WBGene00012855,0
WBGene00012856,3
WBGene00012858,2
WBGene00012860,3
WBGene00012866,3
WBGene00012867,2
WBGene00012875,2
WBGene00012879,3
WBGene00012883,2
WBGene00012886,4
WBGene00012887,1
WBGene00012888,2
WBGene00012890,0
WBGene00012903,0
WBGene00012909,1
WBGene00012910,3
WBGene00012911,0
WBGene00012914,3
WBGene00012921,0
WBGene00012923,2
WBGene00012928,4
WBGene00012936,1
WBGene00012938,3
WBGene00012945,4
WBGene00012947,0
WBGene00012960,0
WBGene00012964,1
WBGene00012968,0
WBGene00012969,0
WBGene00012970,3
WBGene00012973,0
WBGene00012977,1
WBGene00012978,1
WBGene00012989,3
WBGene00012992,1
WBGene00013000,0
WBGene00013007,2
WBGene00013008,3
WBGene00013018,1
WBGene00013019,3
WBGene00013025,1
WBGene00013026,0
WBGene00013035,0
WBGene00013037,2
WBGene00013039,4
WBGene00013041,3
WBGene00013048,0
WBGene00013073,2
WBGene00013074,2
WBGene00013078,0
WBGene00013088,2
WBGene00013101,0
WBGene00013104,3
WBGene00013119,3
WBGene00013136,3
WBGene00013146,4
WBGene00013150,2
WBGene00013159,3
WBGene00013160,0
WBGene00013164,3
WBGene00013167,0
WBGene00013168,1
WBGene00013169,3
WBGene00013176,0
WBGene00013180,3
WBGene00013181,4
WBGene00013197,3
WBGene00013209,1
WBGene00013210,2
WBGene00013212,0
WBGene00013213,1
WBGene00013215,0
WBGene00013216,3
WBGene00013220,3
WBGene00013227,0
WBGene00013238,1
WBGene00013242,4
WBGene00013244,4
WBGene00013257,3
WBGene00013261,0
WBGene00013263,1
WBGene00013266,0
WBGene00013276,0
WBGene00013281,0
WBGene00013284,0
WBGene00013287,2
WBGene00013292,0
WBGene00013294,3
WBGene00013295,3
WBGene00013298,3
WBGene00013311,1
WBGene00013315,0
WBGene00013321,1
WBGene00013340,1
WBGene00013345,0
WBGene00013354,2
WBGene00013358,0
WBGene00013359,3
WBGene00013380,0
WBGene00013381,0
WBGene00013382,4
WBGene00013401,3
WBGene00013417,0
WBGene00013419,0
WBGene00013425,3
WBGene00013433,2
WBGene00013435,1
WBGene00013439,0
WBGene00013446,0
WBGene00013447,2
WBGene00013459,0
WBGene00013463,2
WBGene00013465,0
WBGene00013481,3
WBGene00013484,3
WBGene00013493,3
WBGene00013497,0
WBGene00013515,3
WBGene00013539,0
WBGene00013540,0
WBGene00013541,0
WBGene00013543,1
WBGene00013551,2
WBGene00013559,0
WBGene00013562,3
WBGene00013564,0
WBGene00013569,3
WBGene00013575,2
WBGene00013577,4
WBGene00013580,2
WBGene00013584,3
WBGene00013586,3
WBGene00013587,0
WBGene00013588,3
WBGene00013593,0
WBGene00013594,0
WBGene00013597,0
WBGene00013606,2
WBGene00013611,0
WBGene00013623,0
WBGene00013633,4
WBGene00013634,3
WBGene00013636,3
WBGene00013637,3
WBGene00013647,3
WBGene00013650,0
WBGene00013654,2
WBGene00013668,1
WBGene00013670,2
WBGene00013672,3
WBGene00013673,1
WBGene00013676,2
WBGene00013685,0
WBGene00013695,3
WBGene00013702,0
WBGene00013716,2
WBGene00013720,0
WBGene00013735,2
WBGene00013740,1
WBGene00013748,0
WBGene00013753,0
WBGene00013755,2
WBGene00013765,1
WBGene00013792,0
WBGene00013807,0
WBGene00013809,0
WBGene00013820,0
WBGene00013832,3
WBGene00013833,2
WBGene00013840,0
WBGene00013849,1
WBGene00013852,1
WBGene00013872,2
WBGene00013874,2
WBGene00013875,0
WBGene00013876,0
WBGene00013880,1
WBGene00013882,4
WBGene00013895,3
WBGene00013898,4
WBGene00013899,4
WBGene00013901,0
WBGene00013904,2
WBGene00013905,3
WBGene00013906,3
WBGene00013921,4
WBGene00013923,3
WBGene00013926,4
WBGene00013946,2
WBGene00013947,2
WBGene00013949,3
WBGene00013950,4
WBGene00013957,0
WBGene00013980,0
WBGene00013983,1
WBGene00013997,1
WBGene00014000,3
WBGene00014001,3
WBGene00014003,2
WBGene00014006,3
WBGene00014008,0
WBGene00014013,4
WBGene00014016,4
WBGene00014018,0
WBGene00014019,0
WBGene00014030,0
WBGene00014031,0
WBGene00014046,0
WBGene00014047,0
WBGene00014052,2
WBGene00014054,2
WBGene00014057,2
WBGene00014058,4
WBGene00014063,0
WBGene00014080,3
WBGene00014081,4
WBGene00014083,1
WBGene00014086,2
WBGene00014089,0
WBGene00014091,0
WBGene00014092,0
WBGene00014093,3
WBGene00014095,2
WBGene00014096,4
WBGene00014097,3
WBGene00014098,3
WBGene00014106,2
WBGene00014108,0
WBGene00014113,0
WBGene00014125,4
WBGene00014132,0
WBGene00014136,0
WBGene00014137,0
WBGene00014138,2
WBGene00014141,2
WBGene00014148,3
WBGene00014151,3
WBGene00014159,3
WBGene00014164,3
WBGene00014171,0
WBGene00014172,0
WBGene00014176,1
WBGene00014186,2
WBGene00014189,2
WBGene00014200,3
WBGene00014203,2
WBGene00014204,2
WBGene00014209,2
WBGene00014215,0
WBGene00014218,0
WBGene00014233,4
WBGene00014244,2
WBGene00014249,1
WBGene00014253,0
WBGene00014254,0
WBGene00014256,0
WBGene00014258,3
WBGene00014697,3
WBGene00014698,3
WBGene00014761,0
WBGene00014801,0
WBGene00014826,3
WBGene00014864,0
WBGene00014914,0
WBGene00015009,2
WBGene00015010,2
WBGene00015014,0
WBGene00015019,1
WBGene00015025,2
WBGene00015027,0
WBGene00015033,0
WBGene00015040,3
WBGene00015042,3
WBGene00015043,3
WBGene00015044,0
WBGene00015045,0
WBGene00015046,0
WBGene00015050,2
WBGene00015052,0
WBGene00015057,3
WBGene00015067,4
WBGene00015073,3
WBGene00015076,4
WBGene00015080,0
WBGene00015087,0
WBGene00015088,0
WBGene00015089,3
WBGene00015098,0
WBGene00015100,3
WBGene00015107,0
WBGene00015110,0
WBGene00015116,2
WBGene00015117,2
WBGene00015122,0
WBGene00015124,2
WBGene00015125,0
WBGene00015128,4
WBGene00015133,1
WBGene00015147,0
WBGene00015148,3
WBGene00015156,0
WBGene00015162,0
WBGene00015168,1
WBGene00015172,0
WBGene00015181,1
WBGene00015186,3
WBGene00015188,0
WBGene00015190,0
WBGene00015196,2
WBGene00015197,3
WBGene00015202,4
WBGene00015206,2
WBGene00015218,3
WBGene00015219,4
WBGene00015220,3
WBGene00015223,3
WBGene00015224,3
WBGene00015225,3
WBGene00015226,3
WBGene00015227,3
WBGene00015249,4
WBGene00015250,4
WBGene00015251,4
WBGene00015258,0
WBGene00015259,0
WBGene00015268,1
WBGene00015271,3
WBGene00015273,1
WBGene00015277,0
WBGene00015280,0
WBGene00015282,1
WBGene00015284,0
WBGene00015286,4
WBGene00015292,3
WBGene00015295,3
WBGene00015298,1
WBGene00015301,3
WBGene00015303,3
WBGene00015311,2
WBGene00015312,3
WBGene00015313,2
WBGene00015326,2
WBGene00015332,2
WBGene00015333,0
WBGene00015335,0
WBGene00015337,3
WBGene00015350,4
WBGene00015352,3
WBGene00015369,4
WBGene00015378,0
WBGene00015381,3
WBGene00015382,3
WBGene00015386,3
WBGene00015388,0
WBGene00015393,4
WBGene00015397,3
WBGene00015399,3
WBGene00015400,3
WBGene00015403,2
WBGene00015404,1
WBGene00015413,2
WBGene00015419,3
WBGene00015423,0
WBGene00015424,0
WBGene00015425,1
WBGene00015426,0
WBGene00015429,0
WBGene00015449,0
WBGene00015455,0
WBGene00015461,1
WBGene00015464,1
WBGene00015469,0
WBGene00015471,3
WBGene00015483,0
WBGene00015497,4
WBGene00015501,4
WBGene00015505,0
WBGene00015509,0
WBGene00015510,1
WBGene00015511,0
WBGene00015515,1
WBGene00015517,4
WBGene00015527,3
WBGene00015532,3
WBGene00015535,3
WBGene00015537,3
WBGene00015551,4
WBGene00015552,4
WBGene00015565,2
WBGene00015569,3
WBGene00015570,0
WBGene00015573,2
WBGene00015574,0
WBGene00015576,3
WBGene00015577,3
WBGene00015578,3
WBGene00015593,3
WBGene00015599,3
WBGene00015600,3
WBGene00015601,3
WBGene00015602,3
WBGene00015605,3
WBGene00015611,3
WBGene00015620,1
WBGene00015623,0
WBGene00015624,3
WBGene00015631,3
WBGene00015646,0
WBGene00015660,3
WBGene00015671,3
WBGene00015676,1
WBGene00015680,3
WBGene00015691,0
WBGene00015692,3
WBGene00015693,0
WBGene00015695,2
WBGene00015703,1
WBGene00015706,2
WBGene00015707,2
WBGene00015709,0
WBGene00015710,3
WBGene00015711,0
WBGene00015728,3
WBGene00015729,3
WBGene00015731,0
WBGene00015739,0
WBGene00015752,1
WBGene00015756,3
WBGene00015759,2
WBGene00015767,2
WBGene00015768,0
WBGene00015769,2
WBGene00015776,4
WBGene00015777,1
WBGene00015781,1
WBGene00015783,0
WBGene00015788,0
WBGene00015795,1
WBGene00015799,0
WBGene00015800,0
WBGene00015801,0
WBGene00015814,1
WBGene00015823,0
WBGene00015828,3
WBGene00015829,3
WBGene00015834,3
WBGene00015839,3
WBGene00015842,3
WBGene00015849,3
WBGene00015859,3
WBGene00015864,3
WBGene00015866,3
WBGene00015868,4
WBGene00015887,0
WBGene00015890,0
WBGene00015894,0
WBGene00015896,0
WBGene00015897,3
WBGene00015903,3
WBGene00015906,0
WBGene00015913,0
WBGene00015916,1
WBGene00015918,3
WBGene00015919,3
WBGene00015920,1
WBGene00015921,3
WBGene00015928,2
WBGene00015930,3
WBGene00015932,2
WBGene00015933,2
WBGene00015936,3
WBGene00015938,3
WBGene00015941,1
WBGene00015942,0
WBGene00015943,1
WBGene00015947,4
WBGene00015952,0
WBGene00015955,3
WBGene00015956,1
WBGene00015957,3
WBGene00015963,3
WBGene00015965,2
WBGene00015974,0
WBGene00015977,0
WBGene00015978,3
WBGene00015985,0
WBGene00015999,3
WBGene00016004,0
WBGene00016011,2
WBGene00016014,1
WBGene00016019,3
WBGene00016020,0
WBGene00016022,3
WBGene00016023,0
WBGene00016027,2
WBGene00016029,0
WBGene00016040,3
WBGene00016046,4
WBGene00016061,0
WBGene00016063,0
WBGene00016064,3
WBGene00016066,3
WBGene00016073,0
WBGene00016089,0
WBGene00016090,0
WBGene00016093,3
WBGene00016094,3
WBGene00016095,3
WBGene00016096,0
WBGene00016097,4
WBGene00016100,3
WBGene00016101,4
WBGene00016103,1
WBGene00016104,1
WBGene00016114,4
WBGene00016119,3
WBGene00016121,3
WBGene00016134,2
WBGene00016140,1
WBGene00016142,1
WBGene00016144,3
WBGene00016147,4
WBGene00016150,0
WBGene00016151,2
WBGene00016157,0
WBGene00016159,0
WBGene00016162,0
WBGene00016167,4
WBGene00016174,3
WBGene00016180,4
WBGene00016190,0
WBGene00016192,2
WBGene00016201,0
WBGene00016202,2
WBGene00016203,2
WBGene00016204,3
WBGene00016210,2
WBGene00016218,3
WBGene00016219,3
WBGene00016234,4
WBGene00016235,1
WBGene00016245,0
WBGene00016250,2
WBGene00016260,3
WBGene00016262,3
WBGene00016263,0
WBGene00016264,1
WBGene00016274,2
WBGene00016281,3
WBGene00016283,3
WBGene00016292,0
WBGene00016302,3
WBGene00016314,3
WBGene00016319,0
WBGene00016325,0
WBGene00016333,2
WBGene00016335,3
WBGene00016340,0
WBGene00016360,0
WBGene00016362,0
WBGene00016364,3
WBGene00016365,3
WBGene00016396,4
WBGene00016403,0
WBGene00016404,4
WBGene00016407,4
WBGene00016417,3
WBGene00016422,1
WBGene00016424,3
WBGene00016425,3
WBGene00016427,3
WBGene00016438,3
WBGene00016450,0
WBGene00016451,0
WBGene00016485,0
WBGene00016489,2
WBGene00016496,1
WBGene00016500,4
WBGene00016501,3
WBGene00016503,0
WBGene00016505,4
WBGene00016506,3
WBGene00016507,3
WBGene00016508,1
WBGene00016509,4
WBGene00016511,0
WBGene00016513,4
WBGene00016517,0
WBGene00016518,0
WBGene00016530,3
WBGene00016539,3
WBGene00016555,3
WBGene00016567,0
WBGene00016571,0
WBGene00016573,0
WBGene00016577,0
WBGene00016583,1
WBGene00016585,0
WBGene00016591,0
WBGene00016594,4
WBGene00016595,0
WBGene00016607,1
WBGene00016609,0
WBGene00016610,0
WBGene00016630,3
WBGene00016631,2
WBGene00016645,3
WBGene00016646,0
WBGene00016647,0
WBGene00016648,0
WBGene00016649,0
WBGene00016652,0
WBGene00016653,1
WBGene00016659,2
WBGene00016663,3
WBGene00016664,1
WBGene00016667,2
WBGene00016676,2
WBGene00016677,4
WBGene00016684,4
WBGene00016686,0
WBGene00016697,3
WBGene00016699,0
WBGene00016704,3
WBGene00016705,2
WBGene00016714,2
WBGene00016716,4
WBGene00016717,3
WBGene00016719,3
WBGene00016721,0
WBGene00016722,2
WBGene00016728,3
WBGene00016738,4
WBGene00016739,0
WBGene00016755,2
WBGene00016756,0
WBGene00016759,2
WBGene00016760,0
WBGene00016763,3
WBGene00016764,0
WBGene00016766,4
WBGene00016769,0
WBGene00016781,0
WBGene00016782,0
WBGene00016809,0
WBGene00016811,0
WBGene00016817,0
WBGene00016824,3
WBGene00016837,1
WBGene00016841,3
WBGene00016844,1
WBGene00016848,3
WBGene00016862,0
WBGene00016863,3
WBGene00016866,4
WBGene00016872,0
WBGene00016877,1
WBGene00016879,3
WBGene00016892,0
WBGene00016894,4
WBGene00016906,1
WBGene00016913,1
WBGene00016914,0
WBGene00016917,0
WBGene00016920,0
WBGene00016925,0
WBGene00016934,2
WBGene00016939,0
WBGene00016944,2
WBGene00016957,0
WBGene00016958,4
WBGene00016960,2
WBGene00016964,2
WBGene00016966,3
WBGene00016968,4
WBGene00016970,2
WBGene00016990,0
WBGene00016995,2
WBGene00016998,0
WBGene00017012,0
WBGene00017022,0
WBGene00017023,0
WBGene00017024,3
WBGene00017025,0
WBGene00017027,3
WBGene00017028,1
WBGene00017037,2
WBGene00017041,3
WBGene00017044,1
WBGene00017045,4
WBGene00017048,3
WBGene00017054,3
WBGene00017060,3
WBGene00017071,0
WBGene00017072,0
WBGene00017075,2
WBGene00017076,3
WBGene00017077,0
WBGene00017085,1
WBGene00017089,0
WBGene00017092,2
WBGene00017095,3
WBGene00017101,2
WBGene00017102,0
WBGene00017108,0
WBGene00017120,3
WBGene00017123,0
WBGene00017124,3
WBGene00017125,0
WBGene00017126,0
WBGene00017127,4
WBGene00017134,3
WBGene00017137,4
WBGene00017147,0
WBGene00017149,2
WBGene00017151,0
WBGene00017154,1
WBGene00017159,2
WBGene00017160,4
WBGene00017163,2
WBGene00017166,0
WBGene00017176,0
WBGene00017177,3
WBGene00017180,3
WBGene00017198,3
WBGene00017200,0
WBGene00017201,1
WBGene00017214,3
WBGene00017217,1
WBGene00017219,0
WBGene00017220,4
WBGene00017226,3
WBGene00017231,0
WBGene00017241,2
WBGene00017244,0
WBGene00017245,1
WBGene00017250,3
WBGene00017263,0
WBGene00017267,0
WBGene00017269,0
WBGene00017273,0
WBGene00017282,2
WBGene00017283,1
WBGene00017291,4
WBGene00017302,3
WBGene00017312,0
WBGene00017315,3
WBGene00017319,1
WBGene00017322,2
WBGene00017327,0
WBGene00017331,3
WBGene00017332,0
WBGene00017334,0
WBGene00017336,3
WBGene00017342,4
WBGene00017357,0
WBGene00017362,2
WBGene00017364,4
WBGene00017374,3
WBGene00017376,0
WBGene00017379,0
WBGene00017389,3
WBGene00017390,3
WBGene00017394,3
WBGene00017398,3
WBGene00017400,3
WBGene00017418,3
WBGene00017420,2
WBGene00017426,1
WBGene00017427,3
WBGene00017429,0
WBGene00017431,3
WBGene00017434,0
WBGene00017435,1
WBGene00017436,2
WBGene00017438,0
WBGene00017439,0
WBGene00017443,3
WBGene00017447,2
WBGene00017448,2
WBGene00017449,0
WBGene00017452,0
WBGene00017461,0
WBGene00017463,0
WBGene00017466,0
WBGene00017469,3
WBGene00017478,4
WBGene00017480,3
WBGene00017482,2
WBGene00017487,2
WBGene00017488,3
WBGene00017506,0
WBGene00017510,3
WBGene00017514,2
WBGene00017515,3
WBGene00017530,0
WBGene00017535,2
WBGene00017536,0
WBGene00017537,0
WBGene00017538,0
WBGene00017546,1
WBGene00017565,3
WBGene00017571,2
WBGene00017574,3
WBGene00017576,3
WBGene00017583,3
WBGene00017591,2
WBGene00017592,0
WBGene00017594,2
WBGene00017608,2
WBGene00017613,3
WBGene00017620,4
WBGene00017621,3
WBGene00017625,0
WBGene00017628,3
WBGene00017641,3
WBGene00017644,4
WBGene00017650,0
WBGene00017651,0
WBGene00017658,0
WBGene00017667,3
WBGene00017674,0
WBGene00017678,3
WBGene00017681,3
WBGene00017686,1
WBGene00017688,0
WBGene00017691,2
WBGene00017696,0
WBGene00017699,3
WBGene00017703,2
WBGene00017717,0
WBGene00017719,2
WBGene00017720,0
WBGene00017721,1
WBGene00017727,0
WBGene00017736,0
WBGene00017738,1
WBGene00017742,0
WBGene00017749,1
WBGene00017751,0
WBGene00017756,0
WBGene00017759,2
WBGene00017764,3
WBGene00017765,2
WBGene00017775,0
WBGene00017777,0
WBGene00017786,4
WBGene00017791,0
WBGene00017799,1
WBGene00017804,3
WBGene00017806,0
WBGene00017811,4
WBGene00017816,1
WBGene00017818,0
WBGene00017827,0
WBGene00017830,1
WBGene00017832,1
WBGene00017834,4
WBGene00017838,3
WBGene00017843,3
WBGene00017861,3
WBGene00017865,4
WBGene00017867,0
WBGene00017874,0
WBGene00017879,3
WBGene00017881,2
WBGene00017891,2
WBGene00017892,2
WBGene00017914,0
WBGene00017921,0
WBGene00017939,2
WBGene00017945,0
WBGene00017948,1
WBGene00017961,3
WBGene00017970,4
WBGene00017971,0
WBGene00017979,4
WBGene00017980,3
WBGene00017983,0
WBGene00017984,1
WBGene00017985,3
WBGene00017986,3
WBGene00017991,1
WBGene00018002,0
WBGene00018008,1
WBGene00018023,3
WBGene00018036,3
WBGene00018038,0
WBGene00018040,0
WBGene00018045,2
WBGene00018046,1
WBGene00018060,0
WBGene00018067,0
WBGene00018071,2
WBGene00018085,3
WBGene00018088,2
WBGene00018102,3
WBGene00018112,3
WBGene00018113,0
WBGene00018137,0
WBGene00018138,2
WBGene00018146,2
WBGene00018156,1
WBGene00018159,1
WBGene00018161,1
WBGene00018173,0
WBGene00018174,0
WBGene00018187,2
WBGene00018189,0
WBGene00018191,0
WBGene00018195,3
WBGene00018204,4
WBGene00018206,0
WBGene00018215,2
WBGene00018226,3
WBGene00018229,0
WBGene00018233,3
WBGene00018237,2
WBGene00018241,3
WBGene00018260,3
WBGene00018261,3
WBGene00018262,3
WBGene00018266,3
WBGene00018271,1
WBGene00018275,1
WBGene00018279,0
WBGene00018280,0
WBGene00018283,2
WBGene00018293,2
WBGene00018294,4
WBGene00018298,3
WBGene00018302,0
WBGene00018303,3
WBGene00018310,3
WBGene00018318,4
WBGene00018333,3
WBGene00018334,3
WBGene00018337,0
WBGene00018338,3
WBGene00018340,1
WBGene00018341,1
WBGene00018343,2
WBGene00018345,3
WBGene00018346,3
WBGene00018350,2
WBGene00018351,4
WBGene00018352,3
WBGene00018353,3
WBGene00018354,3
WBGene00018355,3
WBGene00018362,1
WBGene00018363,3
WBGene00018364,2
WBGene00018365,0
WBGene00018369,3
WBGene00018373,1
WBGene00018380,3
WBGene00018398,0
WBGene00018400,0
WBGene00018403,3
WBGene00018405,3
WBGene00018406,3
WBGene00018407,2
WBGene00018409,1
WBGene00018412,3
WBGene00018418,1
WBGene00018424,0
WBGene00018429,0
WBGene00018430,3
WBGene00018446,0
WBGene00018465,0
WBGene00018467,0
WBGene00018470,3
WBGene00018472,2
WBGene00018473,2
WBGene00018476,3
WBGene00018480,2
WBGene00018488,2
WBGene00018491,2
WBGene00018492,3
WBGene00018512,1
WBGene00018519,3
WBGene00018533,1
WBGene00018542,1
WBGene00018572,1
WBGene00018579,0
WBGene00018587,0
WBGene00018591,0
WBGene00018601,3
WBGene00018602,3
WBGene00018603,2
WBGene00018604,1
WBGene00018613,1
WBGene00018614,3
WBGene00018621,4
WBGene00018645,3
WBGene00018646,3
WBGene00018656,1
WBGene00018667,0
WBGene00018668,0
WBGene00018672,3
WBGene00018675,0
WBGene00018678,0
WBGene00018682,1
WBGene00018692,0
WBGene00018696,3
WBGene00018700,3
WBGene00018701,3
WBGene00018708,0
WBGene00018718,2
WBGene00018721,1
WBGene00018724,0
WBGene00018725,0
WBGene00018729,4
WBGene00018731,4
WBGene00018732,4
WBGene00018737,2
WBGene00018739,0
WBGene00018742,2
WBGene00018744,1
WBGene00018748,4
WBGene00018755,3
WBGene00018758,4
WBGene00018760,0
WBGene00018761,0
WBGene00018762,1
WBGene00018765,0
WBGene00018779,2
WBGene00018781,1
WBGene00018782,2
WBGene00018787,0
WBGene00018789,0
WBGene00018793,2
WBGene00018802,0
WBGene00018806,0
WBGene00018808,3
WBGene00018812,2
WBGene00018823,2
WBGene00018827,1
WBGene00018831,2
WBGene00018836,1
WBGene00018839,0
WBGene00018860,0
WBGene00018864,0
WBGene00018866,1
WBGene00018872,4
WBGene00018874,3
WBGene00018885,2
WBGene00018886,3
WBGene00018891,1
WBGene00018893,1
WBGene00018903,0
WBGene00018907,0
WBGene00018909,0
WBGene00018911,2
WBGene00018912,3
WBGene00018913,0
WBGene00018918,0
WBGene00018920,0
WBGene00018921,3
WBGene00018932,1
WBGene00018939,0
WBGene00018946,3
WBGene00018948,0
WBGene00018950,0
WBGene00018953,4
WBGene00018958,3
WBGene00018961,1
WBGene00018967,1
WBGene00018971,0
WBGene00018984,2
WBGene00018988,0
WBGene00018990,0
WBGene00018995,2
WBGene00018997,0
WBGene00019001,3
WBGene00019005,2
WBGene00019008,0
WBGene00019013,0
WBGene00019017,2
WBGene00019020,3
WBGene00019021,2
WBGene00019022,3
WBGene00019025,3
WBGene00019057,3
WBGene00019058,3
WBGene00019060,0
WBGene00019068,2
WBGene00019073,0
WBGene00019074,2
WBGene00019080,0
WBGene00019089,0
WBGene00019090,0
WBGene00019092,3
WBGene00019100,0
WBGene00019101,2
WBGene00019103,3
WBGene00019104,4
WBGene00019105,3
WBGene00019108,3
WBGene00019109,0
WBGene00019115,3
WBGene00019116,3
WBGene00019120,2
WBGene00019121,2
WBGene00019127,3
WBGene00019128,0
WBGene00019139,3
WBGene00019146,2
WBGene00019148,1
WBGene00019154,1
WBGene00019162,1
WBGene00019164,0
WBGene00019166,4
WBGene00019177,3
WBGene00019182,3
WBGene00019203,3
WBGene00019204,3
WBGene00019209,1
WBGene00019212,1
WBGene00019213,0
WBGene00019215,2
WBGene00019217,0
WBGene00019218,0
WBGene00019220,1
WBGene00019224,3
WBGene00019225,0
WBGene00019232,4
WBGene00019233,3
WBGene00019234,0
WBGene00019235,3
WBGene00019243,3
WBGene00019246,1
WBGene00019247,0
WBGene00019249,0
WBGene00019261,0
WBGene00019263,4
WBGene00019265,0
WBGene00019268,0
WBGene00019270,0
WBGene00019273,2
WBGene00019275,1
WBGene00019276,2
WBGene00019279,0
WBGene00019284,4
WBGene00019288,0
WBGene00019290,0
WBGene00019293,3
WBGene00019298,4
WBGene00019300,4
WBGene00019302,3
WBGene00019314,3
WBGene00019315,0
WBGene00019318,1
WBGene00019321,2
WBGene00019323,1
WBGene00019329,0
WBGene00019339,3
WBGene00019344,3
WBGene00019345,2
WBGene00019353,4
WBGene00019357,4
WBGene00019362,0
WBGene00019365,4
WBGene00019369,0
WBGene00019370,0
WBGene00019376,3
WBGene00019380,1
WBGene00019381,4
WBGene00019388,3
WBGene00019393,0
WBGene00019399,3
WBGene00019403,0
WBGene00019404,3
WBGene00019407,3
WBGene00019408,3
WBGene00019424,0
WBGene00019427,4
WBGene00019429,0
WBGene00019432,2
WBGene00019435,2
WBGene00019436,4
WBGene00019438,3
WBGene00019448,3
WBGene00019458,0
WBGene00019464,2
WBGene00019465,0
WBGene00019466,4
WBGene00019471,0
WBGene00019472,3
WBGene00019473,0
WBGene00019476,0
WBGene00019480,3
WBGene00019481,1
WBGene00019487,4
WBGene00019488,4
WBGene00019489,3
WBGene00019492,4
WBGene00019493,2
WBGene00019495,2
WBGene00019496,0
WBGene00019497,4
WBGene00019510,1
WBGene00019511,0
WBGene00019513,3
WBGene00019515,3
WBGene00019516,3
WBGene00019525,3
WBGene00019537,1
WBGene00019540,0
WBGene00019543,1
WBGene00019547,2
WBGene00019549,0
WBGene00019550,0
WBGene00019552,0
WBGene00019579,3
WBGene00019588,0
WBGene00019589,3
WBGene00019590,3
WBGene00019592,4
WBGene00019593,4
WBGene00019595,1
WBGene00019599,0
WBGene00019604,0
WBGene00019605,3
WBGene00019607,2
WBGene00019615,3
WBGene00019617,1
WBGene00019619,2
WBGene00019629,1
WBGene00019636,4
WBGene00019641,0
WBGene00019644,0
WBGene00019645,3
WBGene00019653,2
WBGene00019654,2
WBGene00019655,2
WBGene00019656,0
WBGene00019658,1
WBGene00019659,0
WBGene00019660,0
WBGene00019661,0
WBGene00019673,2
WBGene00019675,3
WBGene00019678,1
WBGene00019679,1
WBGene00019682,2
WBGene00019691,3
WBGene00019693,1
WBGene00019699,3
WBGene00019713,3
WBGene00019715,2
WBGene00019724,0
WBGene00019725,0
WBGene00019730,0
WBGene00019731,0
WBGene00019732,0
WBGene00019734,3
WBGene00019738,0
WBGene00019741,3
WBGene00019742,3
WBGene00019746,0
WBGene00019748,4
WBGene00019751,2
WBGene00019759,1
WBGene00019760,1
WBGene00019763,2
WBGene00019767,2
WBGene00019776,3
WBGene00019777,0
WBGene00019782,4
WBGene00019800,1
WBGene00019803,0
WBGene00019813,2
WBGene00019818,4
WBGene00019827,4
WBGene00019830,3
WBGene00019837,4
WBGene00019843,0
WBGene00019846,2
WBGene00019854,4
WBGene00019859,3
WBGene00019869,2
WBGene00019871,3
WBGene00019875,4
WBGene00019885,3
WBGene00019886,0
WBGene00019890,4
WBGene00019893,1
WBGene00019895,0
WBGene00019896,0
WBGene00019907,0
WBGene00019909,3
WBGene00019911,3
WBGene00019914,2
WBGene00019917,0
WBGene00019931,0
WBGene00019937,2
WBGene00019945,0
WBGene00019946,3
WBGene00019960,4
WBGene00019961,0
WBGene00019965,3
WBGene00019967,3
WBGene00019968,3
WBGene00019970,3
WBGene00019973,2
WBGene00019977,2
WBGene00019978,3
WBGene00019979,3
WBGene00019983,1
WBGene00019986,0
WBGene00019994,1
WBGene00019995,3
WBGene00020004,0
WBGene00020006,2
WBGene00020008,0
WBGene00020009,0
WBGene00020011,3
WBGene00020015,3
WBGene00020016,3
WBGene00020022,2
WBGene00020030,3
WBGene00020046,0
WBGene00020047,0
WBGene00020052,2
WBGene00020054,2
WBGene00020058,3
WBGene00020064,0
WBGene00020068,1
WBGene00020080,3
WBGene00020082,0
WBGene00020083,1
WBGene00020092,4
WBGene00020093,3
WBGene00020095,3
WBGene00020097,1
WBGene00020106,3
WBGene00020107,1
WBGene00020110,1
WBGene00020128,3
WBGene00020138,0
WBGene00020141,0
WBGene00020142,4
WBGene00020143,0
WBGene00020148,4
WBGene00020149,3
WBGene00020150,2
WBGene00020152,4
WBGene00020153,4
WBGene00020155,0
WBGene00020156,0
WBGene00020160,1
WBGene00020166,0
WBGene00020182,0
WBGene00020184,1
WBGene00020188,3
WBGene00020191,2
WBGene00020199,2
WBGene00020200,4
WBGene00020216,1
WBGene00020219,4
WBGene00020220,0
WBGene00020224,4
WBGene00020227,3
WBGene00020237,2
WBGene00020246,2
WBGene00020251,4
WBGene00020256,2
WBGene00020258,2
WBGene00020263,1
WBGene00020264,2
WBGene00020267,3
WBGene00020268,2
WBGene00020269,1
WBGene00020280,2
WBGene00020286,0
WBGene00020290,0
WBGene00020301,4
WBGene00020302,3
WBGene00020307,0
WBGene00020311,0
WBGene00020313,3
WBGene00020317,4
WBGene00020324,3
WBGene00020326,3
WBGene00020330,0
WBGene00020334,4
WBGene00020335,0
WBGene00020347,2
WBGene00020357,3
WBGene00020358,3
WBGene00020359,3
WBGene00020361,3
WBGene00020364,3
WBGene00020365,0
WBGene00020366,0
WBGene00020368,3
WBGene00020369,0
WBGene00020378,0
WBGene00020380,0
WBGene00020382,1
WBGene00020383,2
WBGene00020386,3
WBGene00020392,1
WBGene00020393,0
WBGene00020394,0
WBGene00020396,2
WBGene00020401,3
WBGene00020407,4
WBGene00020423,1
WBGene00020436,0
WBGene00020437,1
WBGene00020443,0
WBGene00020445,3
WBGene00020457,3
WBGene00020465,1
WBGene00020469,4
WBGene00020471,2
WBGene00020484,2
WBGene00020486,0
WBGene00020487,1
WBGene00020489,0
WBGene00020499,1
WBGene00020502,3
WBGene00020504,3
WBGene00020507,2
WBGene00020509,0
WBGene00020511,2
WBGene00020549,2
WBGene00020550,2
WBGene00020553,2
WBGene00020557,2
WBGene00020559,3
WBGene00020565,3
WBGene00020566,0
WBGene00020576,2
WBGene00020579,2
WBGene00020580,3
WBGene00020582,0
WBGene00020583,3
WBGene00020585,0
WBGene00020587,0
WBGene00020589,0
WBGene00020592,0
WBGene00020593,4
WBGene00020596,3
WBGene00020599,0
WBGene00020600,1
WBGene00020601,2
WBGene00020612,0
WBGene00020625,2
WBGene00020627,0
WBGene00020628,0
WBGene00020637,3
WBGene00020648,0
WBGene00020658,0
WBGene00020662,2
WBGene00020672,3
WBGene00020682,1
WBGene00020683,1
WBGene00020687,1
WBGene00020695,3
WBGene00020697,3
WBGene00020698,3
WBGene00020701,2
WBGene00020702,1
WBGene00020703,0
WBGene00020704,1
WBGene00020706,4
WBGene00020714,4
WBGene00020725,3
WBGene00020732,0
WBGene00020736,4
WBGene00020741,3
WBGene00020742,1
WBGene00020743,0
WBGene00020756,2
WBGene00020757,0
WBGene00020760,0
WBGene00020761,3
WBGene00020774,3
WBGene00020782,2
WBGene00020783,0
WBGene00020784,4
WBGene00020788,2
WBGene00020794,0
WBGene00020797,0
WBGene00020799,0
WBGene00020806,4
WBGene00020808,1
WBGene00020812,0
WBGene00020817,3
WBGene00020825,0
WBGene00020831,2
WBGene00020834,0
WBGene00020836,1
WBGene00020847,2
WBGene00020851,3
WBGene00020852,3
WBGene00020854,4
WBGene00020862,0
WBGene00020869,3
WBGene00020886,4
WBGene00020889,2
WBGene00020891,3
WBGene00020895,3
WBGene00020896,0
WBGene00020898,3
WBGene00020902,1
WBGene00020903,3
WBGene00020908,0
WBGene00020909,0
WBGene00020910,0
WBGene00020911,2
WBGene00020915,1
WBGene00020919,1
WBGene00020921,2
WBGene00020929,3
WBGene00020930,3
WBGene00020937,0
WBGene00020938,0
WBGene00020947,4
WBGene00020954,3
WBGene00020955,0
WBGene00020962,3
WBGene00020972,2
WBGene00020976,3
WBGene00020985,3
WBGene00020989,0
WBGene00021002,3
WBGene00021008,0
WBGene00021014,0
WBGene00021015,0
WBGene00021017,4
WBGene00021024,2
WBGene00021028,0
WBGene00021043,0
WBGene00021047,4
WBGene00021048,4
WBGene00021056,3
WBGene00021070,0
WBGene00021073,1
WBGene00021076,0
WBGene00021078,3
WBGene00021081,3
WBGene00021088,1
WBGene00021095,1
WBGene00021104,2
WBGene00021112,1
WBGene00021121,3
WBGene00021131,0
WBGene00021134,3
WBGene00021148,2
WBGene00021153,0
WBGene00021157,4
WBGene00021159,2
WBGene00021168,3
WBGene00021176,3
WBGene00021178,3
WBGene00021179,3
WBGene00021183,0
WBGene00021185,4
WBGene00021190,2
WBGene00021193,3
WBGene00021200,0
WBGene00021204,3
WBGene00021209,2
WBGene00021219,3
WBGene00021223,0
WBGene00021224,0
WBGene00021227,1
WBGene00021237,4
WBGene00021248,1
WBGene00021256,3
WBGene00021262,3
WBGene00021272,3
WBGene00021276,1
WBGene00021286,2
WBGene00021287,0
WBGene00021312,4
WBGene00021320,0
WBGene00021322,2
WBGene00021325,2
WBGene00021327,1
WBGene00021335,2
WBGene00021339,3
WBGene00021340,3
WBGene00021349,3
WBGene00021350,2
WBGene00021351,1
WBGene00021352,3
WBGene00021359,2
WBGene00021369,4
WBGene00021370,3
WBGene00021371,4
WBGene00021372,3
WBGene00021374,0
WBGene00021382,3
WBGene00021394,3
WBGene00021401,2
WBGene00021404,3
WBGene00021408,3
WBGene00021410,0
WBGene00021434,0
WBGene00021435,0
WBGene00021437,0
WBGene00021442,2
WBGene00021446,4
WBGene00021463,0
WBGene00021464,0
WBGene00021466,1
WBGene00021467,2
WBGene00021487,2
WBGene00021491,3
WBGene00021492,0
WBGene00021495,0
WBGene00021503,3
WBGene00021510,3
WBGene00021511,3
WBGene00021512,1
WBGene00021513,3
WBGene00021518,0
WBGene00021526,0
WBGene00021532,0
WBGene00021534,2
WBGene00021546,2
WBGene00021549,0
WBGene00021556,0
WBGene00021566,0
WBGene00021567,0
WBGene00021581,0
WBGene00021582,0
WBGene00021583,0
WBGene00021587,3
WBGene00021590,0
WBGene00021595,1
WBGene00021596,3
WBGene00021597,4
WBGene00021602,0
WBGene00021610,4
WBGene00021611,3
WBGene00021624,4
WBGene00021634,2
WBGene00021635,3
WBGene00021644,2
WBGene00021645,3
WBGene00021646,2
WBGene00021647,0
WBGene00021648,1
WBGene00021660,1
WBGene00021679,0
WBGene00021681,1
WBGene00021683,0
WBGene00021686,1
WBGene00021709,0
WBGene00021715,1
WBGene00021741,3
WBGene00021743,0
WBGene00021745,0
WBGene00021754,1
WBGene00021757,1
WBGene00021758,2
WBGene00021763,0
WBGene00021764,2
WBGene00021765,2
WBGene00021768,0
WBGene00021789,1
WBGene00021800,2
WBGene00021818,3
WBGene00021820,3
WBGene00021826,1
WBGene00021834,0
WBGene00021835,2
WBGene00021842,3
WBGene00021844,1
WBGene00021847,2
WBGene00021850,2
WBGene00021852,2
WBGene00021865,0
WBGene00021872,0
WBGene00021873,0
WBGene00021875,3
WBGene00021879,3
WBGene00021880,0
WBGene00021881,3
WBGene00021888,1
WBGene00021890,4
WBGene00021894,3
WBGene00021895,0
WBGene00021897,3
WBGene00021901,0
WBGene00021909,4
WBGene00021917,2
WBGene00021918,0
WBGene00021921,2
WBGene00021928,3
WBGene00021930,1
WBGene00021931,1
WBGene00021934,1
WBGene00021939,3
WBGene00021941,3
WBGene00021943,0
WBGene00021963,1
WBGene00021973,2
WBGene00021976,1
WBGene00021979,0
WBGene00022003,3
WBGene00022012,4
WBGene00022024,0
WBGene00022025,2
WBGene00022026,4
WBGene00022028,0
WBGene00022036,0
WBGene00022037,2
WBGene00022040,3
WBGene00022042,2
WBGene00022046,1
WBGene00022055,0
WBGene00022056,2
WBGene00022062,0
WBGene00022072,1
WBGene00022076,0
WBGene00022078,4
WBGene00022087,1
WBGene00022089,2
WBGene00022093,0
WBGene00022108,3
WBGene00022114,1
WBGene00022115,4
WBGene00022119,1
WBGene00022122,1
WBGene00022125,3
WBGene00022127,0
WBGene00022128,2
WBGene00022131,3
WBGene00022134,1
WBGene00022141,1
WBGene00022144,4
WBGene00022146,1
WBGene00022148,1
WBGene00022158,2
WBGene00022159,1
WBGene00022160,1
WBGene00022173,1
WBGene00022178,3
WBGene00022179,0
WBGene00022180,1
WBGene00022181,4
WBGene00022188,1
WBGene00022195,2
WBGene00022199,0
WBGene00022200,2
WBGene00022230,0
WBGene00022235,1
WBGene00022240,0
WBGene00022245,3
WBGene00022252,0
WBGene00022254,4
WBGene00022258,3
WBGene00022260,0
WBGene00022261,0
WBGene00022267,0
WBGene00022274,1
WBGene00022276,0
WBGene00022280,4
WBGene00022306,4
WBGene00022307,4
WBGene00022313,3
WBGene00022314,4
WBGene00022325,3
WBGene00022329,3
WBGene00022330,3
WBGene00022336,2
WBGene00022346,3
WBGene00022348,2
WBGene00022357,2
WBGene00022373,1
WBGene00022375,3
WBGene00022382,2
WBGene00022386,4
WBGene00022397,3
WBGene00022401,4
WBGene00022409,0
WBGene00022415,1
WBGene00022419,0
WBGene00022423,4
WBGene00022439,4
WBGene00022441,4
WBGene00022455,1
WBGene00022457,0
WBGene00022462,0
WBGene00022469,0
WBGene00022470,1
WBGene00022473,3
WBGene00022474,0
WBGene00022476,3
WBGene00022486,2
WBGene00022496,0
WBGene00022497,0
WBGene00022498,3
WBGene00022501,2
WBGene00022504,0
WBGene00022505,0
WBGene00022506,3
WBGene00022515,0
WBGene00022518,0
WBGene00022532,3
WBGene00022540,4
WBGene00022546,3
WBGene00022547,3
WBGene00022548,3
WBGene00022549,0
WBGene00022550,3
WBGene00022562,3
WBGene00022580,2
WBGene00022582,0
WBGene00022588,3
WBGene00022591,1
WBGene00022592,3
WBGene00022593,3
WBGene00022599,1
WBGene00022603,3
WBGene00022605,3
WBGene00022610,2
WBGene00022612,1
WBGene00022613,2
WBGene00022615,1
WBGene00022627,3
WBGene00022631,3
WBGene00022634,0
WBGene00022641,0
WBGene00022644,0
WBGene00022648,3
WBGene00022649,2
WBGene00022653,0
WBGene00022656,3
WBGene00022657,0
WBGene00022661,0
WBGene00022665,2
WBGene00022669,3
WBGene00022673,3
WBGene00022682,2
WBGene00022683,2
WBGene00022690,2
WBGene00022691,3
WBGene00022694,2
WBGene00022712,3
WBGene00022713,3
WBGene00022722,2
WBGene00022737,0
WBGene00022738,1
WBGene00022739,1
WBGene00022745,3
WBGene00022750,3
WBGene00022756,0
WBGene00022762,0
WBGene00022781,3
WBGene00022785,0
WBGene00022788,3
WBGene00022792,1
WBGene00022793,1
WBGene00022794,2
WBGene00022797,4
WBGene00022798,4
WBGene00022810,0
WBGene00022813,3
WBGene00022816,1
WBGene00022817,0
WBGene00022845,0
WBGene00022848,0
WBGene00022851,2
WBGene00022856,2
WBGene00022864,2
WBGene00022865,2
WBGene00022870,3
WBGene00022891,0
WBGene00022893,3
WBGene00023067,2
WBGene00023407,3
WBGene00023408,4
WBGene00023414,3
WBGene00023416,0
WBGene00023427,0
WBGene00023432,3
WBGene00023483,3
WBGene00023485,0
WBGene00023489,1
WBGene00023492,0
WBGene00023493,3
WBGene00023500,1
WBGene00023502,3
WBGene00023503,2
WBGene00043050,3
WBGene00043062,0
WBGene00043097,3
WBGene00043156,1
WBGene00043279,0
WBGene00043702,3
WBGene00043983,3
WBGene00044001,0
WBGene00044006,3
WBGene00044014,0
WBGene00044025,0
WBGene00044026,2
WBGene00044028,0
WBGene00044034,0
WBGene00044043,2
WBGene00044071,3
WBGene00044073,3
WBGene00044077,3
WBGene00044082,3
WBGene00044091,0
WBGene00044117,2
WBGene00044135,0
WBGene00044163,2
WBGene00044181,3
WBGene00044182,3
WBGene00044183,3
WBGene00044188,0
WBGene00044206,3
WBGene00044207,3
WBGene00044212,3
WBGene00044225,0
WBGene00044237,3
WBGene00044258,0
WBGene00044278,3
WBGene00044280,4
WBGene00044294,2
WBGene00044297,0
WBGene00044321,1
WBGene00044344,1
WBGene00044349,3
WBGene00044360,2
WBGene00044382,0
WBGene00044396,3
WBGene00044406,3
WBGene00044416,0
WBGene00044423,0
WBGene00044428,0
WBGene00044433,4
WBGene00044440,0
WBGene00044455,0
WBGene00044457,0
WBGene00044459,3
WBGene00044466,2
WBGene00044468,3
WBGene00044481,3
WBGene00044488,2
WBGene00044499,2
WBGene00044512,3
WBGene00044514,0
WBGene00044525,3
WBGene00044527,3
WBGene00044534,3
WBGene00044568,3
WBGene00044574,0
WBGene00044578,0
WBGene00044586,3
WBGene00044588,0
WBGene00044605,0
WBGene00044611,3
WBGene00044615,3
WBGene00044620,1
WBGene00044623,0
WBGene00044630,2
WBGene00044631,1
WBGene00044636,4
WBGene00044640,4
WBGene00044641,1
WBGene00044644,3
WBGene00044646,3
WBGene00044650,4
WBGene00044654,3
WBGene00044658,4
WBGene00044661,3
WBGene00044663,3
WBGene00044666,0
WBGene00044689,2
WBGene00044696,0
WBGene00044697,3
WBGene00044707,3
WBGene00044708,3
WBGene00044723,2
WBGene00044759,3
WBGene00044767,0
WBGene00044771,3
WBGene00044797,2
WBGene00044807,0
WBGene00044811,0
WBGene00044898,0
WBGene00044903,0
WBGene00044977,4
WBGene00044987,3
WBGene00045048,0
WBGene00045052,3
WBGene00045195,3
WBGene00045208,0
WBGene00045212,3
WBGene00045250,0
WBGene00045253,0
WBGene00045331,0
WBGene00045338,3
WBGene00045357,0
WBGene00045379,1
WBGene00045382,3
WBGene00045386,3
WBGene00045387,3
WBGene00045393,3
WBGene00045401,3
WBGene00045411,3
WBGene00045412,3
WBGene00045415,3
WBGene00045416,3
WBGene00045433,1
WBGene00045455,2
WBGene00045457,3
WBGene00045458,2
WBGene00045475,3
WBGene00045482,0
WBGene00045488,3
WBGene00045507,2
WBGene00050884,0
WBGene00050899,3
WBGene00050906,3
WBGene00050939,1
WBGene00050941,3
WBGene00050957,3
WBGene00050967,3
WBGene00077490,4
WBGene00077521,0
WBGene00077525,3
WBGene00077573,0
WBGene00077593,0
WBGene00077684,3
WBGene00077692,0
WBGene00077697,0
WBGene00077701,3
WBGene00077756,0
WBGene00077764,3
WBGene00077771,3
WBGene00077775,3
WBGene00086546,3
WBGene00086551,0
WBGene00086558,0
WBGene00086560,3
WBGene00086568,3
WBGene00138721,3
WBGene00184990,3
WBGene00185001,1
WBGene00185086,0
WBGene00189956,3
WBGene00194641,4
WBGene00194645,3
WBGene00194646,3
WBGene00194651,3
WBGene00194674,3
WBGene00194731,0
WBGene00194742,0
WBGene00194746,3
WBGene00194803,3
WBGene00194815,3
WBGene00194902,3
WBGene00194905,3
WBGene00194908,0
WBGene00194926,0
WBGene00194928,0
WBGene00194934,3
WBGene00194955,3
WBGene00194998,0
WBGene00195081,0
WBGene00195145,0
WBGene00195154,3
WBGene00195165,3
WBGene00195176,4
WBGene00195177,3
WBGene00195209,0
WBGene00206354,0
WBGene00206359,3
WBGene00206361,2
WBGene00206371,0
WBGene00206373,0
WBGene00206384,0
WBGene00206485,3
WBGene00206487,2
WBGene00206525,4
WBGene00206538,3
WBGene00219208,1
WBGene00219216,0
WBGene00219274,0
WBGene00219309,0
WBGene00219316,4
WBGene00219420,0
WBGene00219455,3
WBGene00219493,3
WBGene00235110,3
WBGene00235113,0
WBGene00235114,0
WBGene00235133,3
WBGene00235158,0
WBGene00235164,3
WBGene00235268,1
WBGene00235271,3
WBGene00235274,0
WBGene00235310,0
WBGene00249815,0
WBGene00269429,0
WBGene00270303,3
WBGene00270321,3
WBGene00271744,3
WBGene00271812,3
WBGene00271821,3
WBGene00284844,0
WBGene00284867,3
WBGene00302980,1
WBGene00303011,3
WBGene00303021,1
WBGene00303023,0
WBGene00303233,0
WBGene00304201,0
WBGene00304806,0
